DATAFLOW,LAST UPDATE,freq,unit,sex,age,geo,TIME_PERIOD,OBS_VALUE,OBS_FLAG
ESTAT:EDAT_LFSE_16(1.0),27/09/22 23:00:00,A,PC,T,Y18-24,AT11,2000,,u
ESTAT:EDAT_LFSE_16(1.0),27/09/22 23:00:00,A,PC,T,Y18-24,AT11,2001,,u
ESTAT:EDAT_LFSE_16(1.0),27/09/22 23:00:00,A,PC,T,Y18-24,AT11,2002,,u
ESTAT:EDAT_LFSE_16(1.0),27/09/22 23:00:00,A,PC,T,Y18-24,AT11,2003,,u
ESTAT:EDAT_LFSE_16(1.0),27/09/22 23:00:00,A,PC,T,Y18-24,AT11,2004,,bu
ESTAT:EDAT_LFSE_16(1.0),27/09/22 23:00:00,A,PC,T,Y18-24,AT11,2005,,u
ESTAT:EDAT_LFSE_16(1.0),27/09/22 23:00:00,A,PC,T,Y18-24,AT11,2006,,bu
ESTAT:EDAT_LFSE_16(1.0),27/09/22 23:00:00,A,PC,T,Y18-24,AT11,2007,,u
ESTAT:EDAT_LFSE_16(1.0),27/09/22 23:00:00,A,PC,T,Y18-24,AT11,2008,,u
ESTAT:EDAT_LFSE_16(1.0),27/09/22 23:00:00,A,PC,T,Y18-24,AT11,2009,,u
ESTAT:EDAT_LFSE_16(1.0),27/09/22 23:00:00,A,PC,T,Y18-24,AT11,2010,,u
ESTAT:EDAT_LFSE_16(1.0),27/09/22 23:00:00,A,PC,T,Y18-24,AT11,2011,,u
ESTAT:EDAT_LFSE_16(1.0),27/09/22 23:00:00,A,PC,T,Y18-24,AT11,2012,,u
ESTAT:EDAT_LFSE_16(1.0),27/09/22 23:00:00,A,PC,T,Y18-24,AT11,2013,,u
ESTAT:EDAT_LFSE_16(1.0),27/09/22 23:00:00,A,PC,T,Y18-24,AT11,2014,,bu
ESTAT:EDAT_LFSE_16(1.0),27/09/22 23:00:00,A,PC,T,Y18-24,AT11,2015,,u
ESTAT:EDAT_LFSE_16(1.0),27/09/22 23:00:00,A,PC,T,Y18-24,AT11,2016,,u
ESTAT:EDAT_LFSE_16(1.0),27/09/22 23:00:00,A,PC,T,Y18-24,AT11,2017,,u
ESTAT:EDAT_LFSE_16(1.0),27/09/22 23:00:00,A,PC,T,Y18-24,AT11,2018,,u
ESTAT:EDAT_LFSE_16(1.0),27/09/22 23:00:00,A,PC,T,Y18-24,AT11,2019,,u
ESTAT:EDAT_LFSE_16(1.0),27/09/22 23:00:00,A,PC,T,Y18-24,AT11,2020,,u
ESTAT:EDAT_LFSE_16(1.0),27/09/22 23:00:00,A,PC,T,Y18-24,AT12,2000,8.4,
ESTAT:EDAT_LFSE_16(1.0),27/09/22 23:00:00,A,PC,T,Y18-24,AT12,2001,10.5,
ESTAT:EDAT_LFSE_16(1.0),27/09/22 23:00:00,A,PC,T,Y18-24,AT12,2002,8.6,
ESTAT:EDAT_LFSE_16(1.0),27/09/22 23:00:00,A,PC,T,Y18-24,AT12,2003,7.9,
ESTAT:EDAT_LFSE_16(1.0),27/09/22 23:00:00,A,PC,T,Y18-24,AT12,2004,8.3,b
ESTAT:EDAT_LFSE_16(1.0),27/09/22 23:00:00,A,PC,T,Y18-24,AT12,2005,9.5,
ESTAT:EDAT_LFSE_16(1.0),27/09/22 23:00:00,A,PC,T,Y18-24,AT12,2006,9.7,b
ESTAT:EDAT_LFSE_16(1.0),27/09/22 23:00:00,A,PC,T,Y18-24,AT12,2007,8.5,
ESTAT:EDAT_LFSE_16(1.0),27/09/22 23:00:00,A,PC,T,Y18-24,AT12,2008,9.5,
ESTAT:EDAT_LFSE_16(1.0),27/09/22 23:00:00,A,PC,T,Y18-24,AT12,2009,7.8,
ESTAT:EDAT_LFSE_16(1.0),27/09/22 23:00:00,A,PC,T,Y18-24,AT12,2010,5.7,
ESTAT:EDAT_LFSE_16(1.0),27/09/22 23:00:00,A,PC,T,Y18-24,AT12,2011,7.7,
ESTAT:EDAT_LFSE_16(1.0),27/09/22 23:00:00,A,PC,T,Y18-24,AT12,2012,6.7,
ESTAT:EDAT_LFSE_16(1.0),27/09/22 23:00:00,A,PC,T,Y18-24,AT12,2013,5.7,
ESTAT:EDAT_LFSE_16(1.0),27/09/22 23:00:00,A,PC,T,Y18-24,AT12,2014,6.4,b
ESTAT:EDAT_LFSE_16(1.0),27/09/22 23:00:00,A,PC,T,Y18-24,AT12,2015,6.9,
ESTAT:EDAT_LFSE_16(1.0),27/09/22 23:00:00,A,PC,T,Y18-24,AT12,2016,5.9,
ESTAT:EDAT_LFSE_16(1.0),27/09/22 23:00:00,A,PC,T,Y18-24,AT12,2017,8.3,
ESTAT:EDAT_LFSE_16(1.0),27/09/22 23:00:00,A,PC,T,Y18-24,AT12,2018,5.1,u
ESTAT:EDAT_LFSE_16(1.0),27/09/22 23:00:00,A,PC,T,Y18-24,AT12,2019,4.6,u
ESTAT:EDAT_LFSE_16(1.0),27/09/22 23:00:00,A,PC,T,Y18-24,AT12,2020,7.7,
ESTAT:EDAT_LFSE_16(1.0),27/09/22 23:00:00,A,PC,T,Y18-24,AT13,2000,11.8,
ESTAT:EDAT_LFSE_16(1.0),27/09/22 23:00:00,A,PC,T,Y18-24,AT13,2001,8.4,
ESTAT:EDAT_LFSE_16(1.0),27/09/22 23:00:00,A,PC,T,Y18-24,AT13,2002,10.9,
ESTAT:EDAT_LFSE_16(1.0),27/09/22 23:00:00,A,PC,T,Y18-24,AT13,2003,12.6,
ESTAT:EDAT_LFSE_16(1.0),27/09/22 23:00:00,A,PC,T,Y18-24,AT13,2004,15.4,b
ESTAT:EDAT_LFSE_16(1.0),27/09/22 23:00:00,A,PC,T,Y18-24,AT13,2005,12.8,
ESTAT:EDAT_LFSE_16(1.0),27/09/22 23:00:00,A,PC,T,Y18-24,AT13,2006,13.1,b
ESTAT:EDAT_LFSE_16(1.0),27/09/22 23:00:00,A,PC,T,Y18-24,AT13,2007,16.5,
ESTAT:EDAT_LFSE_16(1.0),27/09/22 23:00:00,A,PC,T,Y18-24,AT13,2008,12.7,
ESTAT:EDAT_LFSE_16(1.0),27/09/22 23:00:00,A,PC,T,Y18-24,AT13,2009,11.9,
ESTAT:EDAT_LFSE_16(1.0),27/09/22 23:00:00,A,PC,T,Y18-24,AT13,2010,11.6,
ESTAT:EDAT_LFSE_16(1.0),27/09/22 23:00:00,A,PC,T,Y18-24,AT13,2011,11.8,
ESTAT:EDAT_LFSE_16(1.0),27/09/22 23:00:00,A,PC,T,Y18-24,AT13,2012,10.9,
ESTAT:EDAT_LFSE_16(1.0),27/09/22 23:00:00,A,PC,T,Y18-24,AT13,2013,11.6,
ESTAT:EDAT_LFSE_16(1.0),27/09/22 23:00:00,A,PC,T,Y18-24,AT13,2014,9.0,b
ESTAT:EDAT_LFSE_16(1.0),27/09/22 23:00:00,A,PC,T,Y18-24,AT13,2015,10.2,
ESTAT:EDAT_LFSE_16(1.0),27/09/22 23:00:00,A,PC,T,Y18-24,AT13,2016,8.7,
ESTAT:EDAT_LFSE_16(1.0),27/09/22 23:00:00,A,PC,T,Y18-24,AT13,2017,9.6,
ESTAT:EDAT_LFSE_16(1.0),27/09/22 23:00:00,A,PC,T,Y18-24,AT13,2018,10.8,
ESTAT:EDAT_LFSE_16(1.0),27/09/22 23:00:00,A,PC,T,Y18-24,AT13,2019,12.3,
ESTAT:EDAT_LFSE_16(1.0),27/09/22 23:00:00,A,PC,T,Y18-24,AT13,2020,10.6,
ESTAT:EDAT_LFSE_16(1.0),27/09/22 23:00:00,A,PC,T,Y18-24,AT21,2000,6.7,u
ESTAT:EDAT_LFSE_16(1.0),27/09/22 23:00:00,A,PC,T,Y18-24,AT21,2001,8.8,u
ESTAT:EDAT_LFSE_16(1.0),27/09/22 23:00:00,A,PC,T,Y18-24,AT21,2002,9.0,u
ESTAT:EDAT_LFSE_16(1.0),27/09/22 23:00:00,A,PC,T,Y18-24,AT21,2003,,u
ESTAT:EDAT_LFSE_16(1.0),27/09/22 23:00:00,A,PC,T,Y18-24,AT21,2004,6.4,bu
ESTAT:EDAT_LFSE_16(1.0),27/09/22 23:00:00,A,PC,T,Y18-24,AT21,2005,,u
ESTAT:EDAT_LFSE_16(1.0),27/09/22 23:00:00,A,PC,T,Y18-24,AT21,2006,,bu
ESTAT:EDAT_LFSE_16(1.0),27/09/22 23:00:00,A,PC,T,Y18-24,AT21,2007,,u
ESTAT:EDAT_LFSE_16(1.0),27/09/22 23:00:00,A,PC,T,Y18-24,AT21,2008,8.5,u
ESTAT:EDAT_LFSE_16(1.0),27/09/22 23:00:00,A,PC,T,Y18-24,AT21,2009,,u
ESTAT:EDAT_LFSE_16(1.0),27/09/22 23:00:00,A,PC,T,Y18-24,AT21,2010,,u
ESTAT:EDAT_LFSE_16(1.0),27/09/22 23:00:00,A,PC,T,Y18-24,AT21,2011,7.5,u
ESTAT:EDAT_LFSE_16(1.0),27/09/22 23:00:00,A,PC,T,Y18-24,AT21,2012,7.2,u
ESTAT:EDAT_LFSE_16(1.0),27/09/22 23:00:00,A,PC,T,Y18-24,AT21,2013,,u
ESTAT:EDAT_LFSE_16(1.0),27/09/22 23:00:00,A,PC,T,Y18-24,AT21,2014,,bu
ESTAT:EDAT_LFSE_16(1.0),27/09/22 23:00:00,A,PC,T,Y18-24,AT21,2015,,u
ESTAT:EDAT_LFSE_16(1.0),27/09/22 23:00:00,A,PC,T,Y18-24,AT21,2016,,u
ESTAT:EDAT_LFSE_16(1.0),27/09/22 23:00:00,A,PC,T,Y18-24,AT21,2017,,u
ESTAT:EDAT_LFSE_16(1.0),27/09/22 23:00:00,A,PC,T,Y18-24,AT21,2018,,u
ESTAT:EDAT_LFSE_16(1.0),27/09/22 23:00:00,A,PC,T,Y18-24,AT21,2019,,u
ESTAT:EDAT_LFSE_16(1.0),27/09/22 23:00:00,A,PC,T,Y18-24,AT21,2020,,u
ESTAT:EDAT_LFSE_16(1.0),27/09/22 23:00:00,A,PC,T,Y18-24,AT22,2000,8.7,
ESTAT:EDAT_LFSE_16(1.0),27/09/22 23:00:00,A,PC,T,Y18-24,AT22,2001,11.1,
ESTAT:EDAT_LFSE_16(1.0),27/09/22 23:00:00,A,PC,T,Y18-24,AT22,2002,8.5,
ESTAT:EDAT_LFSE_16(1.0),27/09/22 23:00:00,A,PC,T,Y18-24,AT22,2003,7.5,
ESTAT:EDAT_LFSE_16(1.0),27/09/22 23:00:00,A,PC,T,Y18-24,AT22,2004,8.0,b
ESTAT:EDAT_LFSE_16(1.0),27/09/22 23:00:00,A,PC,T,Y18-24,AT22,2005,7.4,
ESTAT:EDAT_LFSE_16(1.0),27/09/22 23:00:00,A,PC,T,Y18-24,AT22,2006,8.2,b
ESTAT:EDAT_LFSE_16(1.0),27/09/22 23:00:00,A,PC,T,Y18-24,AT22,2007,9.9,
ESTAT:EDAT_LFSE_16(1.0),27/09/22 23:00:00,A,PC,T,Y18-24,AT22,2008,8.3,
ESTAT:EDAT_LFSE_16(1.0),27/09/22 23:00:00,A,PC,T,Y18-24,AT22,2009,7.6,
ESTAT:EDAT_LFSE_16(1.0),27/09/22 23:00:00,A,PC,T,Y18-24,AT22,2010,7.2,
ESTAT:EDAT_LFSE_16(1.0),27/09/22 23:00:00,A,PC,T,Y18-24,AT22,2011,4.5,u
ESTAT:EDAT_LFSE_16(1.0),27/09/22 23:00:00,A,PC,T,Y18-24,AT22,2012,5.3,u
ESTAT:EDAT_LFSE_16(1.0),27/09/22 23:00:00,A,PC,T,Y18-24,AT22,2013,5.6,u
ESTAT:EDAT_LFSE_16(1.0),27/09/22 23:00:00,A,PC,T,Y18-24,AT22,2014,4.7,bu
ESTAT:EDAT_LFSE_16(1.0),27/09/22 23:00:00,A,PC,T,Y18-24,AT22,2015,5.0,u
ESTAT:EDAT_LFSE_16(1.0),27/09/22 23:00:00,A,PC,T,Y18-24,AT22,2016,5.4,u
ESTAT:EDAT_LFSE_16(1.0),27/09/22 23:00:00,A,PC,T,Y18-24,AT22,2017,4.5,u
ESTAT:EDAT_LFSE_16(1.0),27/09/22 23:00:00,A,PC,T,Y18-24,AT22,2018,5.0,u
ESTAT:EDAT_LFSE_16(1.0),27/09/22 23:00:00,A,PC,T,Y18-24,AT22,2019,6.7,
ESTAT:EDAT_LFSE_16(1.0),27/09/22 23:00:00,A,PC,T,Y18-24,AT22,2020,5.7,u
ESTAT:EDAT_LFSE_16(1.0),27/09/22 23:00:00,A,PC,T,Y18-24,AT31,2000,11.3,
ESTAT:EDAT_LFSE_16(1.0),27/09/22 23:00:00,A,PC,T,Y18-24,AT31,2001,8.8,
ESTAT:EDAT_LFSE_16(1.0),27/09/22 23:00:00,A,PC,T,Y18-24,AT31,2002,7.3,
ESTAT:EDAT_LFSE_16(1.0),27/09/22 23:00:00,A,PC,T,Y18-24,AT31,2003,7.6,
ESTAT:EDAT_LFSE_16(1.0),27/09/22 23:00:00,A,PC,T,Y18-24,AT31,2004,8.8,b
ESTAT:EDAT_LFSE_16(1.0),27/09/22 23:00:00,A,PC,T,Y18-24,AT31,2005,8.7,
ESTAT:EDAT_LFSE_16(1.0),27/09/22 23:00:00,A,PC,T,Y18-24,AT31,2006,9.2,b
ESTAT:EDAT_LFSE_16(1.0),27/09/22 23:00:00,A,PC,T,Y18-24,AT31,2007,9.3,
ESTAT:EDAT_LFSE_16(1.0),27/09/22 23:00:00,A,PC,T,Y18-24,AT31,2008,11.1,
ESTAT:EDAT_LFSE_16(1.0),27/09/22 23:00:00,A,PC,T,Y18-24,AT31,2009,8.6,
ESTAT:EDAT_LFSE_16(1.0),27/09/22 23:00:00,A,PC,T,Y18-24,AT31,2010,8.8,
ESTAT:EDAT_LFSE_16(1.0),27/09/22 23:00:00,A,PC,T,Y18-24,AT31,2011,8.6,
ESTAT:EDAT_LFSE_16(1.0),27/09/22 23:00:00,A,PC,T,Y18-24,AT31,2012,6.4,
ESTAT:EDAT_LFSE_16(1.0),27/09/22 23:00:00,A,PC,T,Y18-24,AT31,2013,7.4,
ESTAT:EDAT_LFSE_16(1.0),27/09/22 23:00:00,A,PC,T,Y18-24,AT31,2014,8.0,b
ESTAT:EDAT_LFSE_16(1.0),27/09/22 23:00:00,A,PC,T,Y18-24,AT31,2015,7.4,
ESTAT:EDAT_LFSE_16(1.0),27/09/22 23:00:00,A,PC,T,Y18-24,AT31,2016,6.2,
ESTAT:EDAT_LFSE_16(1.0),27/09/22 23:00:00,A,PC,T,Y18-24,AT31,2017,8.4,
ESTAT:EDAT_LFSE_16(1.0),27/09/22 23:00:00,A,PC,T,Y18-24,AT31,2018,8.9,
ESTAT:EDAT_LFSE_16(1.0),27/09/22 23:00:00,A,PC,T,Y18-24,AT31,2019,7.5,
ESTAT:EDAT_LFSE_16(1.0),27/09/22 23:00:00,A,PC,T,Y18-24,AT31,2020,7.5,
ESTAT:EDAT_LFSE_16(1.0),27/09/22 23:00:00,A,PC,T,Y18-24,AT32,2000,10.3,u
ESTAT:EDAT_LFSE_16(1.0),27/09/22 23:00:00,A,PC,T,Y18-24,AT32,2001,11.3,u
ESTAT:EDAT_LFSE_16(1.0),27/09/22 23:00:00,A,PC,T,Y18-24,AT32,2002,11.9,u
ESTAT:EDAT_LFSE_16(1.0),27/09/22 23:00:00,A,PC,T,Y18-24,AT32,2003,8.4,u
ESTAT:EDAT_LFSE_16(1.0),27/09/22 23:00:00,A,PC,T,Y18-24,AT32,2004,,bu
ESTAT:EDAT_LFSE_16(1.0),27/09/22 23:00:00,A,PC,T,Y18-24,AT32,2005,7.4,u
ESTAT:EDAT_LFSE_16(1.0),27/09/22 23:00:00,A,PC,T,Y18-24,AT32,2006,8.8,bu
ESTAT:EDAT_LFSE_16(1.0),27/09/22 23:00:00,A,PC,T,Y18-24,AT32,2007,10.4,u
ESTAT:EDAT_LFSE_16(1.0),27/09/22 23:00:00,A,PC,T,Y18-24,AT32,2008,7.5,u
ESTAT:EDAT_LFSE_16(1.0),27/09/22 23:00:00,A,PC,T,Y18-24,AT32,2009,,u
ESTAT:EDAT_LFSE_16(1.0),27/09/22 23:00:00,A,PC,T,Y18-24,AT32,2010,7.8,u
ESTAT:EDAT_LFSE_16(1.0),27/09/22 23:00:00,A,PC,T,Y18-24,AT32,2011,,u
ESTAT:EDAT_LFSE_16(1.0),27/09/22 23:00:00,A,PC,T,Y18-24,AT32,2012,,u
ESTAT:EDAT_LFSE_16(1.0),27/09/22 23:00:00,A,PC,T,Y18-24,AT32,2013,,u
ESTAT:EDAT_LFSE_16(1.0),27/09/22 23:00:00,A,PC,T,Y18-24,AT32,2014,,bu
ESTAT:EDAT_LFSE_16(1.0),27/09/22 23:00:00,A,PC,T,Y18-24,AT32,2015,,u
ESTAT:EDAT_LFSE_16(1.0),27/09/22 23:00:00,A,PC,T,Y18-24,AT32,2016,,u
ESTAT:EDAT_LFSE_16(1.0),27/09/22 23:00:00,A,PC,T,Y18-24,AT32,2017,,u
ESTAT:EDAT_LFSE_16(1.0),27/09/22 23:00:00,A,PC,T,Y18-24,AT32,2018,,u
ESTAT:EDAT_LFSE_16(1.0),27/09/22 23:00:00,A,PC,T,Y18-24,AT32,2019,7.5,u
ESTAT:EDAT_LFSE_16(1.0),27/09/22 23:00:00,A,PC,T,Y18-24,AT32,2020,9.6,u
ESTAT:EDAT_LFSE_16(1.0),27/09/22 23:00:00,A,PC,T,Y18-24,AT33,2000,10.0,u
ESTAT:EDAT_LFSE_16(1.0),27/09/22 23:00:00,A,PC,T,Y18-24,AT33,2001,12.7,
ESTAT:EDAT_LFSE_16(1.0),27/09/22 23:00:00,A,PC,T,Y18-24,AT33,2002,9.2,u
ESTAT:EDAT_LFSE_16(1.0),27/09/22 23:00:00,A,PC,T,Y18-24,AT33,2003,9.3,u
ESTAT:EDAT_LFSE_16(1.0),27/09/22 23:00:00,A,PC,T,Y18-24,AT33,2004,9.8,bu
ESTAT:EDAT_LFSE_16(1.0),27/09/22 23:00:00,A,PC,T,Y18-24,AT33,2005,8.6,u
ESTAT:EDAT_LFSE_16(1.0),27/09/22 23:00:00,A,PC,T,Y18-24,AT33,2006,11.7,b
ESTAT:EDAT_LFSE_16(1.0),27/09/22 23:00:00,A,PC,T,Y18-24,AT33,2007,10.5,
ESTAT:EDAT_LFSE_16(1.0),27/09/22 23:00:00,A,PC,T,Y18-24,AT33,2008,9.2,u
ESTAT:EDAT_LFSE_16(1.0),27/09/22 23:00:00,A,PC,T,Y18-24,AT33,2009,9.2,u
ESTAT:EDAT_LFSE_16(1.0),27/09/22 23:00:00,A,PC,T,Y18-24,AT33,2010,9.0,u
ESTAT:EDAT_LFSE_16(1.0),27/09/22 23:00:00,A,PC,T,Y18-24,AT33,2011,10.9,
ESTAT:EDAT_LFSE_16(1.0),27/09/22 23:00:00,A,PC,T,Y18-24,AT33,2012,9.6,
ESTAT:EDAT_LFSE_16(1.0),27/09/22 23:00:00,A,PC,T,Y18-24,AT33,2013,6.4,u
ESTAT:EDAT_LFSE_16(1.0),27/09/22 23:00:00,A,PC,T,Y18-24,AT33,2014,7.1,bu
ESTAT:EDAT_LFSE_16(1.0),27/09/22 23:00:00,A,PC,T,Y18-24,AT33,2015,6.2,u
ESTAT:EDAT_LFSE_16(1.0),27/09/22 23:00:00,A,PC,T,Y18-24,AT33,2016,8.6,u
ESTAT:EDAT_LFSE_16(1.0),27/09/22 23:00:00,A,PC,T,Y18-24,AT33,2017,7.0,u
ESTAT:EDAT_LFSE_16(1.0),27/09/22 23:00:00,A,PC,T,Y18-24,AT33,2018,6.8,u
ESTAT:EDAT_LFSE_16(1.0),27/09/22 23:00:00,A,PC,T,Y18-24,AT33,2019,7.2,u
ESTAT:EDAT_LFSE_16(1.0),27/09/22 23:00:00,A,PC,T,Y18-24,AT33,2020,7.8,u
ESTAT:EDAT_LFSE_16(1.0),27/09/22 23:00:00,A,PC,T,Y18-24,AT34,2000,16.1,u
ESTAT:EDAT_LFSE_16(1.0),27/09/22 23:00:00,A,PC,T,Y18-24,AT34,2001,13.4,u
ESTAT:EDAT_LFSE_16(1.0),27/09/22 23:00:00,A,PC,T,Y18-24,AT34,2002,15.8,u
ESTAT:EDAT_LFSE_16(1.0),27/09/22 23:00:00,A,PC,T,Y18-24,AT34,2003,14.2,u
ESTAT:EDAT_LFSE_16(1.0),27/09/22 23:00:00,A,PC,T,Y18-24,AT34,2004,11.6,bu
ESTAT:EDAT_LFSE_16(1.0),27/09/22 23:00:00,A,PC,T,Y18-24,AT34,2005,12.6,u
ESTAT:EDAT_LFSE_16(1.0),27/09/22 23:00:00,A,PC,T,Y18-24,AT34,2006,14.3,bu
ESTAT:EDAT_LFSE_16(1.0),27/09/22 23:00:00,A,PC,T,Y18-24,AT34,2007,14.7,u
ESTAT:EDAT_LFSE_16(1.0),27/09/22 23:00:00,A,PC,T,Y18-24,AT34,2008,14.6,u
ESTAT:EDAT_LFSE_16(1.0),27/09/22 23:00:00,A,PC,T,Y18-24,AT34,2009,10.3,u
ESTAT:EDAT_LFSE_16(1.0),27/09/22 23:00:00,A,PC,T,Y18-24,AT34,2010,,u
ESTAT:EDAT_LFSE_16(1.0),27/09/22 23:00:00,A,PC,T,Y18-24,AT34,2011,11.8,u
ESTAT:EDAT_LFSE_16(1.0),27/09/22 23:00:00,A,PC,T,Y18-24,AT34,2012,11.0,u
ESTAT:EDAT_LFSE_16(1.0),27/09/22 23:00:00,A,PC,T,Y18-24,AT34,2013,,u
ESTAT:EDAT_LFSE_16(1.0),27/09/22 23:00:00,A,PC,T,Y18-24,AT34,2014,,bu
ESTAT:EDAT_LFSE_16(1.0),27/09/22 23:00:00,A,PC,T,Y18-24,AT34,2015,,u
ESTAT:EDAT_LFSE_16(1.0),27/09/22 23:00:00,A,PC,T,Y18-24,AT34,2016,,u
ESTAT:EDAT_LFSE_16(1.0),27/09/22 23:00:00,A,PC,T,Y18-24,AT34,2017,,u
ESTAT:EDAT_LFSE_16(1.0),27/09/22 23:00:00,A,PC,T,Y18-24,AT34,2018,,u
ESTAT:EDAT_LFSE_16(1.0),27/09/22 23:00:00,A,PC,T,Y18-24,AT34,2019,,u
ESTAT:EDAT_LFSE_16(1.0),27/09/22 23:00:00,A,PC,T,Y18-24,AT34,2020,,u
ESTAT:EDAT_LFSE_16(1.0),27/09/22 23:00:00,A,PC,T,Y18-24,BE10,2000,20.7,
ESTAT:EDAT_LFSE_16(1.0),27/09/22 23:00:00,A,PC,T,Y18-24,BE10,2001,21.0,
ESTAT:EDAT_LFSE_16(1.0),27/09/22 23:00:00,A,PC,T,Y18-24,BE10,2002,22.4,
ESTAT:EDAT_LFSE_16(1.0),27/09/22 23:00:00,A,PC,T,Y18-24,BE10,2003,18.8,
ESTAT:EDAT_LFSE_16(1.0),27/09/22 23:00:00,A,PC,T,Y18-24,BE10,2004,18.1,b
ESTAT:EDAT_LFSE_16(1.0),27/09/22 23:00:00,A,PC,T,Y18-24,BE10,2005,19.4,
ESTAT:EDAT_LFSE_16(1.0),27/09/22 23:00:00,A,PC,T,Y18-24,BE10,2006,19.3,b
ESTAT:EDAT_LFSE_16(1.0),27/09/22 23:00:00,A,PC,T,Y18-24,BE10,2007,20.2,
ESTAT:EDAT_LFSE_16(1.0),27/09/22 23:00:00,A,PC,T,Y18-24,BE10,2008,19.9,b
ESTAT:EDAT_LFSE_16(1.0),27/09/22 23:00:00,A,PC,T,Y18-24,BE10,2009,15.6,
ESTAT:EDAT_LFSE_16(1.0),27/09/22 23:00:00,A,PC,T,Y18-24,BE10,2010,18.4,
ESTAT:EDAT_LFSE_16(1.0),27/09/22 23:00:00,A,PC,T,Y18-24,BE10,2011,18.9,
ESTAT:EDAT_LFSE_16(1.0),27/09/22 23:00:00,A,PC,T,Y18-24,BE10,2012,20.1,
ESTAT:EDAT_LFSE_16(1.0),27/09/22 23:00:00,A,PC,T,Y18-24,BE10,2013,17.7,
ESTAT:EDAT_LFSE_16(1.0),27/09/22 23:00:00,A,PC,T,Y18-24,BE10,2014,14.4,b
ESTAT:EDAT_LFSE_16(1.0),27/09/22 23:00:00,A,PC,T,Y18-24,BE10,2015,15.8,
ESTAT:EDAT_LFSE_16(1.0),27/09/22 23:00:00,A,PC,T,Y18-24,BE10,2016,14.8,
ESTAT:EDAT_LFSE_16(1.0),27/09/22 23:00:00,A,PC,T,Y18-24,BE10,2017,12.9,b
ESTAT:EDAT_LFSE_16(1.0),27/09/22 23:00:00,A,PC,T,Y18-24,BE10,2018,10.7,
ESTAT:EDAT_LFSE_16(1.0),27/09/22 23:00:00,A,PC,T,Y18-24,BE10,2019,11.8,
ESTAT:EDAT_LFSE_16(1.0),27/09/22 23:00:00,A,PC,T,Y18-24,BE10,2020,9.7,
ESTAT:EDAT_LFSE_16(1.0),27/09/22 23:00:00,A,PC,T,Y18-24,BE21,2000,12.9,
ESTAT:EDAT_LFSE_16(1.0),27/09/22 23:00:00,A,PC,T,Y18-24,BE21,2001,12.5,
ESTAT:EDAT_LFSE_16(1.0),27/09/22 23:00:00,A,PC,T,Y18-24,BE21,2002,12.2,
ESTAT:EDAT_LFSE_16(1.0),27/09/22 23:00:00,A,PC,T,Y18-24,BE21,2003,13.0,
ESTAT:EDAT_LFSE_16(1.0),27/09/22 23:00:00,A,PC,T,Y18-24,BE21,2004,12.2,b
ESTAT:EDAT_LFSE_16(1.0),27/09/22 23:00:00,A,PC,T,Y18-24,BE21,2005,11.8,
ESTAT:EDAT_LFSE_16(1.0),27/09/22 23:00:00,A,PC,T,Y18-24,BE21,2006,9.5,b
ESTAT:EDAT_LFSE_16(1.0),27/09/22 23:00:00,A,PC,T,Y18-24,BE21,2007,10.2,
ESTAT:EDAT_LFSE_16(1.0),27/09/22 23:00:00,A,PC,T,Y18-24,BE21,2008,9.8,b
ESTAT:EDAT_LFSE_16(1.0),27/09/22 23:00:00,A,PC,T,Y18-24,BE21,2009,9.2,
ESTAT:EDAT_LFSE_16(1.0),27/09/22 23:00:00,A,PC,T,Y18-24,BE21,2010,11.1,
ESTAT:EDAT_LFSE_16(1.0),27/09/22 23:00:00,A,PC,T,Y18-24,BE21,2011,11.3,
ESTAT:EDAT_LFSE_16(1.0),27/09/22 23:00:00,A,PC,T,Y18-24,BE21,2012,9.2,
ESTAT:EDAT_LFSE_16(1.0),27/09/22 23:00:00,A,PC,T,Y18-24,BE21,2013,10.2,
ESTAT:EDAT_LFSE_16(1.0),27/09/22 23:00:00,A,PC,T,Y18-24,BE21,2014,5.9,b
ESTAT:EDAT_LFSE_16(1.0),27/09/22 23:00:00,A,PC,T,Y18-24,BE21,2015,7.3,
ESTAT:EDAT_LFSE_16(1.0),27/09/22 23:00:00,A,PC,T,Y18-24,BE21,2016,8.3,
ESTAT:EDAT_LFSE_16(1.0),27/09/22 23:00:00,A,PC,T,Y18-24,BE21,2017,7.7,b
ESTAT:EDAT_LFSE_16(1.0),27/09/22 23:00:00,A,PC,T,Y18-24,BE21,2018,9.0,
ESTAT:EDAT_LFSE_16(1.0),27/09/22 23:00:00,A,PC,T,Y18-24,BE21,2019,7.3,
ESTAT:EDAT_LFSE_16(1.0),27/09/22 23:00:00,A,PC,T,Y18-24,BE21,2020,8.3,
ESTAT:EDAT_LFSE_16(1.0),27/09/22 23:00:00,A,PC,T,Y18-24,BE22,2000,12.3,
ESTAT:EDAT_LFSE_16(1.0),27/09/22 23:00:00,A,PC,T,Y18-24,BE22,2001,13.7,
ESTAT:EDAT_LFSE_16(1.0),27/09/22 23:00:00,A,PC,T,Y18-24,BE22,2002,14.0,
ESTAT:EDAT_LFSE_16(1.0),27/09/22 23:00:00,A,PC,T,Y18-24,BE22,2003,12.4,
ESTAT:EDAT_LFSE_16(1.0),27/09/22 23:00:00,A,PC,T,Y18-24,BE22,2004,9.9,b
ESTAT:EDAT_LFSE_16(1.0),27/09/22 23:00:00,A,PC,T,Y18-24,BE22,2005,14.0,
ESTAT:EDAT_LFSE_16(1.0),27/09/22 23:00:00,A,PC,T,Y18-24,BE22,2006,11.4,b
ESTAT:EDAT_LFSE_16(1.0),27/09/22 23:00:00,A,PC,T,Y18-24,BE22,2007,9.0,
ESTAT:EDAT_LFSE_16(1.0),27/09/22 23:00:00,A,PC,T,Y18-24,BE22,2008,8.1,b
ESTAT:EDAT_LFSE_16(1.0),27/09/22 23:00:00,A,PC,T,Y18-24,BE22,2009,8.9,
ESTAT:EDAT_LFSE_16(1.0),27/09/22 23:00:00,A,PC,T,Y18-24,BE22,2010,12.5,
ESTAT:EDAT_LFSE_16(1.0),27/09/22 23:00:00,A,PC,T,Y18-24,BE22,2011,11.0,
ESTAT:EDAT_LFSE_16(1.0),27/09/22 23:00:00,A,PC,T,Y18-24,BE22,2012,8.6,
ESTAT:EDAT_LFSE_16(1.0),27/09/22 23:00:00,A,PC,T,Y18-24,BE22,2013,9.6,
ESTAT:EDAT_LFSE_16(1.0),27/09/22 23:00:00,A,PC,T,Y18-24,BE22,2014,5.6,bu
ESTAT:EDAT_LFSE_16(1.0),27/09/22 23:00:00,A,PC,T,Y18-24,BE22,2015,8.6,
ESTAT:EDAT_LFSE_16(1.0),27/09/22 23:00:00,A,PC,T,Y18-24,BE22,2016,4.5,u
ESTAT:EDAT_LFSE_16(1.0),27/09/22 23:00:00,A,PC,T,Y18-24,BE22,2017,5.4,bu
ESTAT:EDAT_LFSE_16(1.0),27/09/22 23:00:00,A,PC,T,Y18-24,BE22,2018,7.6,u
ESTAT:EDAT_LFSE_16(1.0),27/09/22 23:00:00,A,PC,T,Y18-24,BE22,2019,6.3,u
ESTAT:EDAT_LFSE_16(1.0),27/09/22 23:00:00,A,PC,T,Y18-24,BE22,2020,7.5,u
ESTAT:EDAT_LFSE_16(1.0),27/09/22 23:00:00,A,PC,T,Y18-24,BE23,2000,13.1,
ESTAT:EDAT_LFSE_16(1.0),27/09/22 23:00:00,A,PC,T,Y18-24,BE23,2001,12.2,
ESTAT:EDAT_LFSE_16(1.0),27/09/22 23:00:00,A,PC,T,Y18-24,BE23,2002,12.5,
ESTAT:EDAT_LFSE_16(1.0),27/09/22 23:00:00,A,PC,T,Y18-24,BE23,2003,14.5,
ESTAT:EDAT_LFSE_16(1.0),27/09/22 23:00:00,A,PC,T,Y18-24,BE23,2004,14.5,b
ESTAT:EDAT_LFSE_16(1.0),27/09/22 23:00:00,A,PC,T,Y18-24,BE23,2005,10.8,
ESTAT:EDAT_LFSE_16(1.0),27/09/22 23:00:00,A,PC,T,Y18-24,BE23,2006,9.8,b
ESTAT:EDAT_LFSE_16(1.0),27/09/22 23:00:00,A,PC,T,Y18-24,BE23,2007,10.5,
ESTAT:EDAT_LFSE_16(1.0),27/09/22 23:00:00,A,PC,T,Y18-24,BE23,2008,9.8,b
ESTAT:EDAT_LFSE_16(1.0),27/09/22 23:00:00,A,PC,T,Y18-24,BE23,2009,7.5,
ESTAT:EDAT_LFSE_16(1.0),27/09/22 23:00:00,A,PC,T,Y18-24,BE23,2010,10.2,
ESTAT:EDAT_LFSE_16(1.0),27/09/22 23:00:00,A,PC,T,Y18-24,BE23,2011,9.9,
ESTAT:EDAT_LFSE_16(1.0),27/09/22 23:00:00,A,PC,T,Y18-24,BE23,2012,10.0,
ESTAT:EDAT_LFSE_16(1.0),27/09/22 23:00:00,A,PC,T,Y18-24,BE23,2013,5.5,
ESTAT:EDAT_LFSE_16(1.0),27/09/22 23:00:00,A,PC,T,Y18-24,BE23,2014,9.5,b
ESTAT:EDAT_LFSE_16(1.0),27/09/22 23:00:00,A,PC,T,Y18-24,BE23,2015,7.9,
ESTAT:EDAT_LFSE_16(1.0),27/09/22 23:00:00,A,PC,T,Y18-24,BE23,2016,8.1,
ESTAT:EDAT_LFSE_16(1.0),27/09/22 23:00:00,A,PC,T,Y18-24,BE23,2017,9.4,b
ESTAT:EDAT_LFSE_16(1.0),27/09/22 23:00:00,A,PC,T,Y18-24,BE23,2018,8.2,
ESTAT:EDAT_LFSE_16(1.0),27/09/22 23:00:00,A,PC,T,Y18-24,BE23,2019,6.2,
ESTAT:EDAT_LFSE_16(1.0),27/09/22 23:00:00,A,PC,T,Y18-24,BE23,2020,5.7,
ESTAT:EDAT_LFSE_16(1.0),27/09/22 23:00:00,A,PC,T,Y18-24,BE24,2000,8.7,
ESTAT:EDAT_LFSE_16(1.0),27/09/22 23:00:00,A,PC,T,Y18-24,BE24,2001,9.4,
ESTAT:EDAT_LFSE_16(1.0),27/09/22 23:00:00,A,PC,T,Y18-24,BE24,2002,10.1,
ESTAT:EDAT_LFSE_16(1.0),27/09/22 23:00:00,A,PC,T,Y18-24,BE24,2003,10.5,
ESTAT:EDAT_LFSE_16(1.0),27/09/22 23:00:00,A,PC,T,Y18-24,BE24,2004,9.4,b
ESTAT:EDAT_LFSE_16(1.0),27/09/22 23:00:00,A,PC,T,Y18-24,BE24,2005,8.0,
ESTAT:EDAT_LFSE_16(1.0),27/09/22 23:00:00,A,PC,T,Y18-24,BE24,2006,10.1,b
ESTAT:EDAT_LFSE_16(1.0),27/09/22 23:00:00,A,PC,T,Y18-24,BE24,2007,6.3,
ESTAT:EDAT_LFSE_16(1.0),27/09/22 23:00:00,A,PC,T,Y18-24,BE24,2008,6.7,b
ESTAT:EDAT_LFSE_16(1.0),27/09/22 23:00:00,A,PC,T,Y18-24,BE24,2009,8.6,
ESTAT:EDAT_LFSE_16(1.0),27/09/22 23:00:00,A,PC,T,Y18-24,BE24,2010,6.6,
ESTAT:EDAT_LFSE_16(1.0),27/09/22 23:00:00,A,PC,T,Y18-24,BE24,2011,5.4,u
ESTAT:EDAT_LFSE_16(1.0),27/09/22 23:00:00,A,PC,T,Y18-24,BE24,2012,6.8,
ESTAT:EDAT_LFSE_16(1.0),27/09/22 23:00:00,A,PC,T,Y18-24,BE24,2013,5.9,
ESTAT:EDAT_LFSE_16(1.0),27/09/22 23:00:00,A,PC,T,Y18-24,BE24,2014,5.4,bu
ESTAT:EDAT_LFSE_16(1.0),27/09/22 23:00:00,A,PC,T,Y18-24,BE24,2015,4.7,u
ESTAT:EDAT_LFSE_16(1.0),27/09/22 23:00:00,A,PC,T,Y18-24,BE24,2016,5.5,
ESTAT:EDAT_LFSE_16(1.0),27/09/22 23:00:00,A,PC,T,Y18-24,BE24,2017,4.5,bu
ESTAT:EDAT_LFSE_16(1.0),27/09/22 23:00:00,A,PC,T,Y18-24,BE24,2018,5.5,
ESTAT:EDAT_LFSE_16(1.0),27/09/22 23:00:00,A,PC,T,Y18-24,BE24,2019,5.9,
ESTAT:EDAT_LFSE_16(1.0),27/09/22 23:00:00,A,PC,T,Y18-24,BE24,2020,5.3,u
ESTAT:EDAT_LFSE_16(1.0),27/09/22 23:00:00,A,PC,T,Y18-24,BE25,2000,9.9,
ESTAT:EDAT_LFSE_16(1.0),27/09/22 23:00:00,A,PC,T,Y18-24,BE25,2001,9.3,
ESTAT:EDAT_LFSE_16(1.0),27/09/22 23:00:00,A,PC,T,Y18-24,BE25,2002,9.4,
ESTAT:EDAT_LFSE_16(1.0),27/09/22 23:00:00,A,PC,T,Y18-24,BE25,2003,11.3,
ESTAT:EDAT_LFSE_16(1.0),27/09/22 23:00:00,A,PC,T,Y18-24,BE25,2004,7.6,b
ESTAT:EDAT_LFSE_16(1.0),27/09/22 23:00:00,A,PC,T,Y18-24,BE25,2005,8.9,
ESTAT:EDAT_LFSE_16(1.0),27/09/22 23:00:00,A,PC,T,Y18-24,BE25,2006,9.9,b
ESTAT:EDAT_LFSE_16(1.0),27/09/22 23:00:00,A,PC,T,Y18-24,BE25,2007,9.3,
ESTAT:EDAT_LFSE_16(1.0),27/09/22 23:00:00,A,PC,T,Y18-24,BE25,2008,7.1,b
ESTAT:EDAT_LFSE_16(1.0),27/09/22 23:00:00,A,PC,T,Y18-24,BE25,2009,8.4,
ESTAT:EDAT_LFSE_16(1.0),27/09/22 23:00:00,A,PC,T,Y18-24,BE25,2010,6.9,
ESTAT:EDAT_LFSE_16(1.0),27/09/22 23:00:00,A,PC,T,Y18-24,BE25,2011,9.2,
ESTAT:EDAT_LFSE_16(1.0),27/09/22 23:00:00,A,PC,T,Y18-24,BE25,2012,7.9,
ESTAT:EDAT_LFSE_16(1.0),27/09/22 23:00:00,A,PC,T,Y18-24,BE25,2013,5.7,
ESTAT:EDAT_LFSE_16(1.0),27/09/22 23:00:00,A,PC,T,Y18-24,BE25,2014,8.4,b
ESTAT:EDAT_LFSE_16(1.0),27/09/22 23:00:00,A,PC,T,Y18-24,BE25,2015,7.5,
ESTAT:EDAT_LFSE_16(1.0),27/09/22 23:00:00,A,PC,T,Y18-24,BE25,2016,5.8,
ESTAT:EDAT_LFSE_16(1.0),27/09/22 23:00:00,A,PC,T,Y18-24,BE25,2017,7.5,b
ESTAT:EDAT_LFSE_16(1.0),27/09/22 23:00:00,A,PC,T,Y18-24,BE25,2018,5.2,u
ESTAT:EDAT_LFSE_16(1.0),27/09/22 23:00:00,A,PC,T,Y18-24,BE25,2019,4.7,u
ESTAT:EDAT_LFSE_16(1.0),27/09/22 23:00:00,A,PC,T,Y18-24,BE25,2020,6.6,
ESTAT:EDAT_LFSE_16(1.0),27/09/22 23:00:00,A,PC,T,Y18-24,BE31,2000,7.8,u
ESTAT:EDAT_LFSE_16(1.0),27/09/22 23:00:00,A,PC,T,Y18-24,BE31,2001,7.7,u
ESTAT:EDAT_LFSE_16(1.0),27/09/22 23:00:00,A,PC,T,Y18-24,BE31,2002,10.7,u
ESTAT:EDAT_LFSE_16(1.0),27/09/22 23:00:00,A,PC,T,Y18-24,BE31,2003,9.7,u
ESTAT:EDAT_LFSE_16(1.0),27/09/22 23:00:00,A,PC,T,Y18-24,BE31,2004,9.6,bu
ESTAT:EDAT_LFSE_16(1.0),27/09/22 23:00:00,A,PC,T,Y18-24,BE31,2005,9.1,u
ESTAT:EDAT_LFSE_16(1.0),27/09/22 23:00:00,A,PC,T,Y18-24,BE31,2006,9.4,bu
ESTAT:EDAT_LFSE_16(1.0),27/09/22 23:00:00,A,PC,T,Y18-24,BE31,2007,9.8,u
ESTAT:EDAT_LFSE_16(1.0),27/09/22 23:00:00,A,PC,T,Y18-24,BE31,2008,9.2,bu
ESTAT:EDAT_LFSE_16(1.0),27/09/22 23:00:00,A,PC,T,Y18-24,BE31,2009,7.9,u
ESTAT:EDAT_LFSE_16(1.0),27/09/22 23:00:00,A,PC,T,Y18-24,BE31,2010,7.1,u
ESTAT:EDAT_LFSE_16(1.0),27/09/22 23:00:00,A,PC,T,Y18-24,BE31,2011,8.7,u
ESTAT:EDAT_LFSE_16(1.0),27/09/22 23:00:00,A,PC,T,Y18-24,BE31,2012,8.4,u
ESTAT:EDAT_LFSE_16(1.0),27/09/22 23:00:00,A,PC,T,Y18-24,BE31,2013,8.5,u
ESTAT:EDAT_LFSE_16(1.0),27/09/22 23:00:00,A,PC,T,Y18-24,BE31,2014,8.8,bu
ESTAT:EDAT_LFSE_16(1.0),27/09/22 23:00:00,A,PC,T,Y18-24,BE31,2015,,u
ESTAT:EDAT_LFSE_16(1.0),27/09/22 23:00:00,A,PC,T,Y18-24,BE31,2016,,u
ESTAT:EDAT_LFSE_16(1.0),27/09/22 23:00:00,A,PC,T,Y18-24,BE31,2017,,bu
ESTAT:EDAT_LFSE_16(1.0),27/09/22 23:00:00,A,PC,T,Y18-24,BE31,2018,,u
ESTAT:EDAT_LFSE_16(1.0),27/09/22 23:00:00,A,PC,T,Y18-24,BE31,2019,7.8,u
ESTAT:EDAT_LFSE_16(1.0),27/09/22 23:00:00,A,PC,T,Y18-24,BE31,2020,,u
ESTAT:EDAT_LFSE_16(1.0),27/09/22 23:00:00,A,PC,T,Y18-24,BE32,2000,15.3,
ESTAT:EDAT_LFSE_16(1.0),27/09/22 23:00:00,A,PC,T,Y18-24,BE32,2001,17.8,
ESTAT:EDAT_LFSE_16(1.0),27/09/22 23:00:00,A,PC,T,Y18-24,BE32,2002,16.3,
ESTAT:EDAT_LFSE_16(1.0),27/09/22 23:00:00,A,PC,T,Y18-24,BE32,2003,19.4,
ESTAT:EDAT_LFSE_16(1.0),27/09/22 23:00:00,A,PC,T,Y18-24,BE32,2004,17.0,b
ESTAT:EDAT_LFSE_16(1.0),27/09/22 23:00:00,A,PC,T,Y18-24,BE32,2005,17.2,
ESTAT:EDAT_LFSE_16(1.0),27/09/22 23:00:00,A,PC,T,Y18-24,BE32,2006,18.2,b
ESTAT:EDAT_LFSE_16(1.0),27/09/22 23:00:00,A,PC,T,Y18-24,BE32,2007,15.3,
ESTAT:EDAT_LFSE_16(1.0),27/09/22 23:00:00,A,PC,T,Y18-24,BE32,2008,17.8,b
ESTAT:EDAT_LFSE_16(1.0),27/09/22 23:00:00,A,PC,T,Y18-24,BE32,2009,16.8,
ESTAT:EDAT_LFSE_16(1.0),27/09/22 23:00:00,A,PC,T,Y18-24,BE32,2010,17.2,
ESTAT:EDAT_LFSE_16(1.0),27/09/22 23:00:00,A,PC,T,Y18-24,BE32,2011,14.6,
ESTAT:EDAT_LFSE_16(1.0),27/09/22 23:00:00,A,PC,T,Y18-24,BE32,2012,19.3,
ESTAT:EDAT_LFSE_16(1.0),27/09/22 23:00:00,A,PC,T,Y18-24,BE32,2013,17.9,
ESTAT:EDAT_LFSE_16(1.0),27/09/22 23:00:00,A,PC,T,Y18-24,BE32,2014,14.1,b
ESTAT:EDAT_LFSE_16(1.0),27/09/22 23:00:00,A,PC,T,Y18-24,BE32,2015,15.9,
ESTAT:EDAT_LFSE_16(1.0),27/09/22 23:00:00,A,PC,T,Y18-24,BE32,2016,12.7,
ESTAT:EDAT_LFSE_16(1.0),27/09/22 23:00:00,A,PC,T,Y18-24,BE32,2017,12.2,b
ESTAT:EDAT_LFSE_16(1.0),27/09/22 23:00:00,A,PC,T,Y18-24,BE32,2018,11.9,
ESTAT:EDAT_LFSE_16(1.0),27/09/22 23:00:00,A,PC,T,Y18-24,BE32,2019,11.8,
ESTAT:EDAT_LFSE_16(1.0),27/09/22 23:00:00,A,PC,T,Y18-24,BE32,2020,12.7,
ESTAT:EDAT_LFSE_16(1.0),27/09/22 23:00:00,A,PC,T,Y18-24,BE33,2000,19.9,
ESTAT:EDAT_LFSE_16(1.0),27/09/22 23:00:00,A,PC,T,Y18-24,BE33,2001,18.4,
ESTAT:EDAT_LFSE_16(1.0),27/09/22 23:00:00,A,PC,T,Y18-24,BE33,2002,19.0,
ESTAT:EDAT_LFSE_16(1.0),27/09/22 23:00:00,A,PC,T,Y18-24,BE33,2003,16.7,
ESTAT:EDAT_LFSE_16(1.0),27/09/22 23:00:00,A,PC,T,Y18-24,BE33,2004,16.4,b
ESTAT:EDAT_LFSE_16(1.0),27/09/22 23:00:00,A,PC,T,Y18-24,BE33,2005,15.1,
ESTAT:EDAT_LFSE_16(1.0),27/09/22 23:00:00,A,PC,T,Y18-24,BE33,2006,14.2,b
ESTAT:EDAT_LFSE_16(1.0),27/09/22 23:00:00,A,PC,T,Y18-24,BE33,2007,17.1,
ESTAT:EDAT_LFSE_16(1.0),27/09/22 23:00:00,A,PC,T,Y18-24,BE33,2008,16.1,b
ESTAT:EDAT_LFSE_16(1.0),27/09/22 23:00:00,A,PC,T,Y18-24,BE33,2009,14.4,
ESTAT:EDAT_LFSE_16(1.0),27/09/22 23:00:00,A,PC,T,Y18-24,BE33,2010,13.2,
ESTAT:EDAT_LFSE_16(1.0),27/09/22 23:00:00,A,PC,T,Y18-24,BE33,2011,18.1,
ESTAT:EDAT_LFSE_16(1.0),27/09/22 23:00:00,A,PC,T,Y18-24,BE33,2012,13.6,
ESTAT:EDAT_LFSE_16(1.0),27/09/22 23:00:00,A,PC,T,Y18-24,BE33,2013,14.7,
ESTAT:EDAT_LFSE_16(1.0),27/09/22 23:00:00,A,PC,T,Y18-24,BE33,2014,15.2,b
ESTAT:EDAT_LFSE_16(1.0),27/09/22 23:00:00,A,PC,T,Y18-24,BE33,2015,15.5,
ESTAT:EDAT_LFSE_16(1.0),27/09/22 23:00:00,A,PC,T,Y18-24,BE33,2016,11.6,
ESTAT:EDAT_LFSE_16(1.0),27/09/22 23:00:00,A,PC,T,Y18-24,BE33,2017,11.3,b
ESTAT:EDAT_LFSE_16(1.0),27/09/22 23:00:00,A,PC,T,Y18-24,BE33,2018,11.1,
ESTAT:EDAT_LFSE_16(1.0),27/09/22 23:00:00,A,PC,T,Y18-24,BE33,2019,11.9,
ESTAT:EDAT_LFSE_16(1.0),27/09/22 23:00:00,A,PC,T,Y18-24,BE33,2020,9.0,
ESTAT:EDAT_LFSE_16(1.0),27/09/22 23:00:00,A,PC,T,Y18-24,BE34,2000,12.6,u
ESTAT:EDAT_LFSE_16(1.0),27/09/22 23:00:00,A,PC,T,Y18-24,BE34,2001,12.7,u
ESTAT:EDAT_LFSE_16(1.0),27/09/22 23:00:00,A,PC,T,Y18-24,BE34,2002,15.6,u
ESTAT:EDAT_LFSE_16(1.0),27/09/22 23:00:00,A,PC,T,Y18-24,BE34,2003,13.0,u
ESTAT:EDAT_LFSE_16(1.0),27/09/22 23:00:00,A,PC,T,Y18-24,BE34,2004,13.7,bu
ESTAT:EDAT_LFSE_16(1.0),27/09/22 23:00:00,A,PC,T,Y18-24,BE34,2005,13.3,u
ESTAT:EDAT_LFSE_16(1.0),27/09/22 23:00:00,A,PC,T,Y18-24,BE34,2006,11.9,bu
ESTAT:EDAT_LFSE_16(1.0),27/09/22 23:00:00,A,PC,T,Y18-24,BE34,2007,11.5,u
ESTAT:EDAT_LFSE_16(1.0),27/09/22 23:00:00,A,PC,T,Y18-24,BE34,2008,14.8,bu
ESTAT:EDAT_LFSE_16(1.0),27/09/22 23:00:00,A,PC,T,Y18-24,BE34,2009,9.4,u
ESTAT:EDAT_LFSE_16(1.0),27/09/22 23:00:00,A,PC,T,Y18-24,BE34,2010,13.7,u
ESTAT:EDAT_LFSE_16(1.0),27/09/22 23:00:00,A,PC,T,Y18-24,BE34,2011,13.1,u
ESTAT:EDAT_LFSE_16(1.0),27/09/22 23:00:00,A,PC,T,Y18-24,BE34,2012,10.7,u
ESTAT:EDAT_LFSE_16(1.0),27/09/22 23:00:00,A,PC,T,Y18-24,BE34,2013,11.3,u
ESTAT:EDAT_LFSE_16(1.0),27/09/22 23:00:00,A,PC,T,Y18-24,BE34,2014,9.1,bu
ESTAT:EDAT_LFSE_16(1.0),27/09/22 23:00:00,A,PC,T,Y18-24,BE34,2015,8.7,u
ESTAT:EDAT_LFSE_16(1.0),27/09/22 23:00:00,A,PC,T,Y18-24,BE34,2016,,u
ESTAT:EDAT_LFSE_16(1.0),27/09/22 23:00:00,A,PC,T,Y18-24,BE34,2017,,bu
ESTAT:EDAT_LFSE_16(1.0),27/09/22 23:00:00,A,PC,T,Y18-24,BE34,2018,,u
ESTAT:EDAT_LFSE_16(1.0),27/09/22 23:00:00,A,PC,T,Y18-24,BE34,2019,8.7,u
ESTAT:EDAT_LFSE_16(1.0),27/09/22 23:00:00,A,PC,T,Y18-24,BE34,2020,10.5,u
ESTAT:EDAT_LFSE_16(1.0),27/09/22 23:00:00,A,PC,T,Y18-24,BE35,2000,13.8,
ESTAT:EDAT_LFSE_16(1.0),27/09/22 23:00:00,A,PC,T,Y18-24,BE35,2001,12.8,u
ESTAT:EDAT_LFSE_16(1.0),27/09/22 23:00:00,A,PC,T,Y18-24,BE35,2002,13.8,
ESTAT:EDAT_LFSE_16(1.0),27/09/22 23:00:00,A,PC,T,Y18-24,BE35,2003,12.2,u
ESTAT:EDAT_LFSE_16(1.0),27/09/22 23:00:00,A,PC,T,Y18-24,BE35,2004,13.5,b
ESTAT:EDAT_LFSE_16(1.0),27/09/22 23:00:00,A,PC,T,Y18-24,BE35,2005,12.2,u
ESTAT:EDAT_LFSE_16(1.0),27/09/22 23:00:00,A,PC,T,Y18-24,BE35,2006,12.6,b
ESTAT:EDAT_LFSE_16(1.0),27/09/22 23:00:00,A,PC,T,Y18-24,BE35,2007,10.7,u
ESTAT:EDAT_LFSE_16(1.0),27/09/22 23:00:00,A,PC,T,Y18-24,BE35,2008,11.2,bu
ESTAT:EDAT_LFSE_16(1.0),27/09/22 23:00:00,A,PC,T,Y18-24,BE35,2009,11.3,u
ESTAT:EDAT_LFSE_16(1.0),27/09/22 23:00:00,A,PC,T,Y18-24,BE35,2010,11.1,u
ESTAT:EDAT_LFSE_16(1.0),27/09/22 23:00:00,A,PC,T,Y18-24,BE35,2011,13.6,
ESTAT:EDAT_LFSE_16(1.0),27/09/22 23:00:00,A,PC,T,Y18-24,BE35,2012,13.0,
ESTAT:EDAT_LFSE_16(1.0),27/09/22 23:00:00,A,PC,T,Y18-24,BE35,2013,13.2,
ESTAT:EDAT_LFSE_16(1.0),27/09/22 23:00:00,A,PC,T,Y18-24,BE35,2014,10.1,bu
ESTAT:EDAT_LFSE_16(1.0),27/09/22 23:00:00,A,PC,T,Y18-24,BE35,2015,10.3,u
ESTAT:EDAT_LFSE_16(1.0),27/09/22 23:00:00,A,PC,T,Y18-24,BE35,2016,7.9,u
ESTAT:EDAT_LFSE_16(1.0),27/09/22 23:00:00,A,PC,T,Y18-24,BE35,2017,11.7,b
ESTAT:EDAT_LFSE_16(1.0),27/09/22 23:00:00,A,PC,T,Y18-24,BE35,2018,8.9,u
ESTAT:EDAT_LFSE_16(1.0),27/09/22 23:00:00,A,PC,T,Y18-24,BE35,2019,10.1,u
ESTAT:EDAT_LFSE_16(1.0),27/09/22 23:00:00,A,PC,T,Y18-24,BE35,2020,8.6,u
ESTAT:EDAT_LFSE_16(1.0),27/09/22 23:00:00,A,PC,T,Y18-24,BG31,2003,25.3,b
ESTAT:EDAT_LFSE_16(1.0),27/09/22 23:00:00,A,PC,T,Y18-24,BG31,2004,24.3,
ESTAT:EDAT_LFSE_16(1.0),27/09/22 23:00:00,A,PC,T,Y18-24,BG31,2005,22.5,
ESTAT:EDAT_LFSE_16(1.0),27/09/22 23:00:00,A,PC,T,Y18-24,BG31,2006,18.0,b
ESTAT:EDAT_LFSE_16(1.0),27/09/22 23:00:00,A,PC,T,Y18-24,BG31,2007,17.1,
ESTAT:EDAT_LFSE_16(1.0),27/09/22 23:00:00,A,PC,T,Y18-24,BG31,2008,15.4,
ESTAT:EDAT_LFSE_16(1.0),27/09/22 23:00:00,A,PC,T,Y18-24,BG31,2009,15.2,
ESTAT:EDAT_LFSE_16(1.0),27/09/22 23:00:00,A,PC,T,Y18-24,BG31,2010,16.6,b
ESTAT:EDAT_LFSE_16(1.0),27/09/22 23:00:00,A,PC,T,Y18-24,BG31,2011,16.6,b
ESTAT:EDAT_LFSE_16(1.0),27/09/22 23:00:00,A,PC,T,Y18-24,BG31,2012,20.8,
ESTAT:EDAT_LFSE_16(1.0),27/09/22 23:00:00,A,PC,T,Y18-24,BG31,2013,18.2,
ESTAT:EDAT_LFSE_16(1.0),27/09/22 23:00:00,A,PC,T,Y18-24,BG31,2014,20.8,b
ESTAT:EDAT_LFSE_16(1.0),27/09/22 23:00:00,A,PC,T,Y18-24,BG31,2015,23.1,
ESTAT:EDAT_LFSE_16(1.0),27/09/22 23:00:00,A,PC,T,Y18-24,BG31,2016,27.7,
ESTAT:EDAT_LFSE_16(1.0),27/09/22 23:00:00,A,PC,T,Y18-24,BG31,2017,21.6,
ESTAT:EDAT_LFSE_16(1.0),27/09/22 23:00:00,A,PC,T,Y18-24,BG31,2018,19.8,
ESTAT:EDAT_LFSE_16(1.0),27/09/22 23:00:00,A,PC,T,Y18-24,BG31,2019,22.9,
ESTAT:EDAT_LFSE_16(1.0),27/09/22 23:00:00,A,PC,T,Y18-24,BG31,2020,20.0,u
ESTAT:EDAT_LFSE_16(1.0),27/09/22 23:00:00,A,PC,T,Y18-24,BG32,2003,25.3,b
ESTAT:EDAT_LFSE_16(1.0),27/09/22 23:00:00,A,PC,T,Y18-24,BG32,2004,26.5,
ESTAT:EDAT_LFSE_16(1.0),27/09/22 23:00:00,A,PC,T,Y18-24,BG32,2005,23.2,
ESTAT:EDAT_LFSE_16(1.0),27/09/22 23:00:00,A,PC,T,Y18-24,BG32,2006,20.9,b
ESTAT:EDAT_LFSE_16(1.0),27/09/22 23:00:00,A,PC,T,Y18-24,BG32,2007,19.4,
ESTAT:EDAT_LFSE_16(1.0),27/09/22 23:00:00,A,PC,T,Y18-24,BG32,2008,19.9,
ESTAT:EDAT_LFSE_16(1.0),27/09/22 23:00:00,A,PC,T,Y18-24,BG32,2009,17.5,
ESTAT:EDAT_LFSE_16(1.0),27/09/22 23:00:00,A,PC,T,Y18-24,BG32,2010,18.2,b
ESTAT:EDAT_LFSE_16(1.0),27/09/22 23:00:00,A,PC,T,Y18-24,BG32,2011,17.1,b
ESTAT:EDAT_LFSE_16(1.0),27/09/22 23:00:00,A,PC,T,Y18-24,BG32,2012,14.9,
ESTAT:EDAT_LFSE_16(1.0),27/09/22 23:00:00,A,PC,T,Y18-24,BG32,2013,15.9,
ESTAT:EDAT_LFSE_16(1.0),27/09/22 23:00:00,A,PC,T,Y18-24,BG32,2014,17.9,b
ESTAT:EDAT_LFSE_16(1.0),27/09/22 23:00:00,A,PC,T,Y18-24,BG32,2015,15.2,
ESTAT:EDAT_LFSE_16(1.0),27/09/22 23:00:00,A,PC,T,Y18-24,BG32,2016,14.0,
ESTAT:EDAT_LFSE_16(1.0),27/09/22 23:00:00,A,PC,T,Y18-24,BG32,2017,14.3,
ESTAT:EDAT_LFSE_16(1.0),27/09/22 23:00:00,A,PC,T,Y18-24,BG32,2018,11.0,u
ESTAT:EDAT_LFSE_16(1.0),27/09/22 23:00:00,A,PC,T,Y18-24,BG32,2019,7.5,u
ESTAT:EDAT_LFSE_16(1.0),27/09/22 23:00:00,A,PC,T,Y18-24,BG32,2020,12.7,u
ESTAT:EDAT_LFSE_16(1.0),27/09/22 23:00:00,A,PC,T,Y18-24,BG33,2003,23.5,b
ESTAT:EDAT_LFSE_16(1.0),27/09/22 23:00:00,A,PC,T,Y18-24,BG33,2004,24.7,
ESTAT:EDAT_LFSE_16(1.0),27/09/22 23:00:00,A,PC,T,Y18-24,BG33,2005,23.2,
ESTAT:EDAT_LFSE_16(1.0),27/09/22 23:00:00,A,PC,T,Y18-24,BG33,2006,20.4,b
ESTAT:EDAT_LFSE_16(1.0),27/09/22 23:00:00,A,PC,T,Y18-24,BG33,2007,19.5,
ESTAT:EDAT_LFSE_16(1.0),27/09/22 23:00:00,A,PC,T,Y18-24,BG33,2008,21.8,
ESTAT:EDAT_LFSE_16(1.0),27/09/22 23:00:00,A,PC,T,Y18-24,BG33,2009,20.9,
ESTAT:EDAT_LFSE_16(1.0),27/09/22 23:00:00,A,PC,T,Y18-24,BG33,2010,17.1,b
ESTAT:EDAT_LFSE_16(1.0),27/09/22 23:00:00,A,PC,T,Y18-24,BG33,2011,14.3,b
ESTAT:EDAT_LFSE_16(1.0),27/09/22 23:00:00,A,PC,T,Y18-24,BG33,2012,13.6,
ESTAT:EDAT_LFSE_16(1.0),27/09/22 23:00:00,A,PC,T,Y18-24,BG33,2013,14.3,
ESTAT:EDAT_LFSE_16(1.0),27/09/22 23:00:00,A,PC,T,Y18-24,BG33,2014,15.6,b
ESTAT:EDAT_LFSE_16(1.0),27/09/22 23:00:00,A,PC,T,Y18-24,BG33,2015,16.0,
ESTAT:EDAT_LFSE_16(1.0),27/09/22 23:00:00,A,PC,T,Y18-24,BG33,2016,14.1,
ESTAT:EDAT_LFSE_16(1.0),27/09/22 23:00:00,A,PC,T,Y18-24,BG33,2017,12.7,
ESTAT:EDAT_LFSE_16(1.0),27/09/22 23:00:00,A,PC,T,Y18-24,BG33,2018,16.5,
ESTAT:EDAT_LFSE_16(1.0),27/09/22 23:00:00,A,PC,T,Y18-24,BG33,2019,18.7,
ESTAT:EDAT_LFSE_16(1.0),27/09/22 23:00:00,A,PC,T,Y18-24,BG33,2020,12.5,u
ESTAT:EDAT_LFSE_16(1.0),27/09/22 23:00:00,A,PC,T,Y18-24,BG34,2003,27.2,b
ESTAT:EDAT_LFSE_16(1.0),27/09/22 23:00:00,A,PC,T,Y18-24,BG34,2004,25.6,
ESTAT:EDAT_LFSE_16(1.0),27/09/22 23:00:00,A,PC,T,Y18-24,BG34,2005,26.1,
ESTAT:EDAT_LFSE_16(1.0),27/09/22 23:00:00,A,PC,T,Y18-24,BG34,2006,25.4,b
ESTAT:EDAT_LFSE_16(1.0),27/09/22 23:00:00,A,PC,T,Y18-24,BG34,2007,22.7,
ESTAT:EDAT_LFSE_16(1.0),27/09/22 23:00:00,A,PC,T,Y18-24,BG34,2008,20.8,
ESTAT:EDAT_LFSE_16(1.0),27/09/22 23:00:00,A,PC,T,Y18-24,BG34,2009,22.1,
ESTAT:EDAT_LFSE_16(1.0),27/09/22 23:00:00,A,PC,T,Y18-24,BG34,2010,18.6,b
ESTAT:EDAT_LFSE_16(1.0),27/09/22 23:00:00,A,PC,T,Y18-24,BG34,2011,19.3,b
ESTAT:EDAT_LFSE_16(1.0),27/09/22 23:00:00,A,PC,T,Y18-24,BG34,2012,21.1,
ESTAT:EDAT_LFSE_16(1.0),27/09/22 23:00:00,A,PC,T,Y18-24,BG34,2013,19.8,
ESTAT:EDAT_LFSE_16(1.0),27/09/22 23:00:00,A,PC,T,Y18-24,BG34,2014,16.8,b
ESTAT:EDAT_LFSE_16(1.0),27/09/22 23:00:00,A,PC,T,Y18-24,BG34,2015,19.3,
ESTAT:EDAT_LFSE_16(1.0),27/09/22 23:00:00,A,PC,T,Y18-24,BG34,2016,21.2,
ESTAT:EDAT_LFSE_16(1.0),27/09/22 23:00:00,A,PC,T,Y18-24,BG34,2017,22.0,
ESTAT:EDAT_LFSE_16(1.0),27/09/22 23:00:00,A,PC,T,Y18-24,BG34,2018,22.6,
ESTAT:EDAT_LFSE_16(1.0),27/09/22 23:00:00,A,PC,T,Y18-24,BG34,2019,27.2,
ESTAT:EDAT_LFSE_16(1.0),27/09/22 23:00:00,A,PC,T,Y18-24,BG34,2020,24.4,
ESTAT:EDAT_LFSE_16(1.0),27/09/22 23:00:00,A,PC,T,Y18-24,BG41,2001,10.0,b
ESTAT:EDAT_LFSE_16(1.0),27/09/22 23:00:00,A,PC,T,Y18-24,BG41,2002,8.9,
ESTAT:EDAT_LFSE_16(1.0),27/09/22 23:00:00,A,PC,T,Y18-24,BG41,2003,11.1,b
ESTAT:EDAT_LFSE_16(1.0),27/09/22 23:00:00,A,PC,T,Y18-24,BG41,2004,10.1,
ESTAT:EDAT_LFSE_16(1.0),27/09/22 23:00:00,A,PC,T,Y18-24,BG41,2005,10.6,
ESTAT:EDAT_LFSE_16(1.0),27/09/22 23:00:00,A,PC,T,Y18-24,BG41,2006,7.3,b
ESTAT:EDAT_LFSE_16(1.0),27/09/22 23:00:00,A,PC,T,Y18-24,BG41,2007,6.3,
ESTAT:EDAT_LFSE_16(1.0),27/09/22 23:00:00,A,PC,T,Y18-24,BG41,2008,5.0,
ESTAT:EDAT_LFSE_16(1.0),27/09/22 23:00:00,A,PC,T,Y18-24,BG41,2009,4.5,
ESTAT:EDAT_LFSE_16(1.0),27/09/22 23:00:00,A,PC,T,Y18-24,BG41,2010,4.0,b
ESTAT:EDAT_LFSE_16(1.0),27/09/22 23:00:00,A,PC,T,Y18-24,BG41,2011,3.4,b
ESTAT:EDAT_LFSE_16(1.0),27/09/22 23:00:00,A,PC,T,Y18-24,BG41,2012,4.0,
ESTAT:EDAT_LFSE_16(1.0),27/09/22 23:00:00,A,PC,T,Y18-24,BG41,2013,4.8,
ESTAT:EDAT_LFSE_16(1.0),27/09/22 23:00:00,A,PC,T,Y18-24,BG41,2014,5.9,b
ESTAT:EDAT_LFSE_16(1.0),27/09/22 23:00:00,A,PC,T,Y18-24,BG41,2015,5.7,
ESTAT:EDAT_LFSE_16(1.0),27/09/22 23:00:00,A,PC,T,Y18-24,BG41,2016,5.7,
ESTAT:EDAT_LFSE_16(1.0),27/09/22 23:00:00,A,PC,T,Y18-24,BG41,2017,4.7,
ESTAT:EDAT_LFSE_16(1.0),27/09/22 23:00:00,A,PC,T,Y18-24,BG41,2018,4.7,
ESTAT:EDAT_LFSE_16(1.0),27/09/22 23:00:00,A,PC,T,Y18-24,BG41,2019,5.6,
ESTAT:EDAT_LFSE_16(1.0),27/09/22 23:00:00,A,PC,T,Y18-24,BG41,2020,5.2,u
ESTAT:EDAT_LFSE_16(1.0),27/09/22 23:00:00,A,PC,T,Y18-24,BG42,2003,28.7,b
ESTAT:EDAT_LFSE_16(1.0),27/09/22 23:00:00,A,PC,T,Y18-24,BG42,2004,28.6,
ESTAT:EDAT_LFSE_16(1.0),27/09/22 23:00:00,A,PC,T,Y18-24,BG42,2005,27.1,
ESTAT:EDAT_LFSE_16(1.0),27/09/22 23:00:00,A,PC,T,Y18-24,BG42,2006,22.9,b
ESTAT:EDAT_LFSE_16(1.0),27/09/22 23:00:00,A,PC,T,Y18-24,BG42,2007,15.4,
ESTAT:EDAT_LFSE_16(1.0),27/09/22 23:00:00,A,PC,T,Y18-24,BG42,2008,16.3,
ESTAT:EDAT_LFSE_16(1.0),27/09/22 23:00:00,A,PC,T,Y18-24,BG42,2009,17.9,
ESTAT:EDAT_LFSE_16(1.0),27/09/22 23:00:00,A,PC,T,Y18-24,BG42,2010,16.4,b
ESTAT:EDAT_LFSE_16(1.0),27/09/22 23:00:00,A,PC,T,Y18-24,BG42,2011,15.0,b
ESTAT:EDAT_LFSE_16(1.0),27/09/22 23:00:00,A,PC,T,Y18-24,BG42,2012,15.9,
ESTAT:EDAT_LFSE_16(1.0),27/09/22 23:00:00,A,PC,T,Y18-24,BG42,2013,15.0,
ESTAT:EDAT_LFSE_16(1.0),27/09/22 23:00:00,A,PC,T,Y18-24,BG42,2014,13.0,b
ESTAT:EDAT_LFSE_16(1.0),27/09/22 23:00:00,A,PC,T,Y18-24,BG42,2015,15.3,
ESTAT:EDAT_LFSE_16(1.0),27/09/22 23:00:00,A,PC,T,Y18-24,BG42,2016,16.4,
ESTAT:EDAT_LFSE_16(1.0),27/09/22 23:00:00,A,PC,T,Y18-24,BG42,2017,15.9,
ESTAT:EDAT_LFSE_16(1.0),27/09/22 23:00:00,A,PC,T,Y18-24,BG42,2018,15.8,
ESTAT:EDAT_LFSE_16(1.0),27/09/22 23:00:00,A,PC,T,Y18-24,BG42,2019,16.3,
ESTAT:EDAT_LFSE_16(1.0),27/09/22 23:00:00,A,PC,T,Y18-24,BG42,2020,15.1,
ESTAT:EDAT_LFSE_16(1.0),27/09/22 23:00:00,A,PC,T,Y18-24,HR03,2007,2.7,u
ESTAT:EDAT_LFSE_16(1.0),27/09/22 23:00:00,A,PC,T,Y18-24,HR03,2008,2.7,u
ESTAT:EDAT_LFSE_16(1.0),27/09/22 23:00:00,A,PC,T,Y18-24,HR03,2009,4.6,u
ESTAT:EDAT_LFSE_16(1.0),27/09/22 23:00:00,A,PC,T,Y18-24,HR03,2010,5.9,bu
ESTAT:EDAT_LFSE_16(1.0),27/09/22 23:00:00,A,PC,T,Y18-24,HR03,2011,3.4,u
ESTAT:EDAT_LFSE_16(1.0),27/09/22 23:00:00,A,PC,T,Y18-24,HR03,2012,5.2,u
ESTAT:EDAT_LFSE_16(1.0),27/09/22 23:00:00,A,PC,T,Y18-24,HR03,2013,5.0,u
ESTAT:EDAT_LFSE_16(1.0),27/09/22 23:00:00,A,PC,T,Y18-24,HR03,2014,2.2,bu
ESTAT:EDAT_LFSE_16(1.0),27/09/22 23:00:00,A,PC,T,Y18-24,HR03,2015,0.9,u
ESTAT:EDAT_LFSE_16(1.0),27/09/22 23:00:00,A,PC,T,Y18-24,HR03,2016,1.0,u
ESTAT:EDAT_LFSE_16(1.0),27/09/22 23:00:00,A,PC,T,Y18-24,HR03,2017,1.7,u
ESTAT:EDAT_LFSE_16(1.0),27/09/22 23:00:00,A,PC,T,Y18-24,HR03,2018,2.5,u
ESTAT:EDAT_LFSE_16(1.0),27/09/22 23:00:00,A,PC,T,Y18-24,HR03,2019,1.7,u
ESTAT:EDAT_LFSE_16(1.0),27/09/22 23:00:00,A,PC,T,Y18-24,HR03,2020,1.4,u
ESTAT:EDAT_LFSE_16(1.0),27/09/22 23:00:00,A,PC,T,Y18-24,HR04,2007,5.4,
ESTAT:EDAT_LFSE_16(1.0),27/09/22 23:00:00,A,PC,T,Y18-24,HR04,2008,5.2,
ESTAT:EDAT_LFSE_16(1.0),27/09/22 23:00:00,A,PC,T,Y18-24,HR04,2009,5.4,
ESTAT:EDAT_LFSE_16(1.0),27/09/22 23:00:00,A,PC,T,Y18-24,HR04,2010,5.0,b
ESTAT:EDAT_LFSE_16(1.0),27/09/22 23:00:00,A,PC,T,Y18-24,HR04,2011,5.7,
ESTAT:EDAT_LFSE_16(1.0),27/09/22 23:00:00,A,PC,T,Y18-24,HR04,2012,5.0,
ESTAT:EDAT_LFSE_16(1.0),27/09/22 23:00:00,A,PC,T,Y18-24,HR04,2013,4.2,u
ESTAT:EDAT_LFSE_16(1.0),27/09/22 23:00:00,A,PC,T,Y18-24,HR04,2014,3.1,bu
ESTAT:EDAT_LFSE_16(1.0),27/09/22 23:00:00,A,PC,T,Y18-24,HR04,2015,3.6,u
ESTAT:EDAT_LFSE_16(1.0),27/09/22 23:00:00,A,PC,T,Y18-24,HR04,2016,3.7,u
ESTAT:EDAT_LFSE_16(1.0),27/09/22 23:00:00,A,PC,T,Y18-24,HR04,2017,3.7,u
ESTAT:EDAT_LFSE_16(1.0),27/09/22 23:00:00,A,PC,T,Y18-24,HR04,2018,3.8,u
ESTAT:EDAT_LFSE_16(1.0),27/09/22 23:00:00,A,PC,T,Y18-24,HR04,2019,3.7,u
ESTAT:EDAT_LFSE_16(1.0),27/09/22 23:00:00,A,PC,T,Y18-24,HR04,2020,2.6,u
ESTAT:EDAT_LFSE_16(1.0),27/09/22 23:00:00,A,PC,T,Y18-24,ITC1,2000,25.1,
ESTAT:EDAT_LFSE_16(1.0),27/09/22 23:00:00,A,PC,T,Y18-24,ITC1,2001,27.7,
ESTAT:EDAT_LFSE_16(1.0),27/09/22 23:00:00,A,PC,T,Y18-24,ITC1,2002,25.2,
ESTAT:EDAT_LFSE_16(1.0),27/09/22 23:00:00,A,PC,T,Y18-24,ITC1,2003,22.9,
ESTAT:EDAT_LFSE_16(1.0),27/09/22 23:00:00,A,PC,T,Y18-24,ITC1,2004,22.8,b
ESTAT:EDAT_LFSE_16(1.0),27/09/22 23:00:00,A,PC,T,Y18-24,ITC1,2005,20.8,
ESTAT:EDAT_LFSE_16(1.0),27/09/22 23:00:00,A,PC,T,Y18-24,ITC1,2006,19.5,b
ESTAT:EDAT_LFSE_16(1.0),27/09/22 23:00:00,A,PC,T,Y18-24,ITC1,2007,17.3,
ESTAT:EDAT_LFSE_16(1.0),27/09/22 23:00:00,A,PC,T,Y18-24,ITC1,2008,18.5,
ESTAT:EDAT_LFSE_16(1.0),27/09/22 23:00:00,A,PC,T,Y18-24,ITC1,2009,19.6,
ESTAT:EDAT_LFSE_16(1.0),27/09/22 23:00:00,A,PC,T,Y18-24,ITC1,2010,17.6,
ESTAT:EDAT_LFSE_16(1.0),27/09/22 23:00:00,A,PC,T,Y18-24,ITC1,2011,15.9,
ESTAT:EDAT_LFSE_16(1.0),27/09/22 23:00:00,A,PC,T,Y18-24,ITC1,2012,16.2,
ESTAT:EDAT_LFSE_16(1.0),27/09/22 23:00:00,A,PC,T,Y18-24,ITC1,2013,15.7,
ESTAT:EDAT_LFSE_16(1.0),27/09/22 23:00:00,A,PC,T,Y18-24,ITC1,2014,12.7,b
ESTAT:EDAT_LFSE_16(1.0),27/09/22 23:00:00,A,PC,T,Y18-24,ITC1,2015,12.6,
ESTAT:EDAT_LFSE_16(1.0),27/09/22 23:00:00,A,PC,T,Y18-24,ITC1,2016,10.2,
ESTAT:EDAT_LFSE_16(1.0),27/09/22 23:00:00,A,PC,T,Y18-24,ITC1,2017,11.3,
ESTAT:EDAT_LFSE_16(1.0),27/09/22 23:00:00,A,PC,T,Y18-24,ITC1,2018,13.6,
ESTAT:EDAT_LFSE_16(1.0),27/09/22 23:00:00,A,PC,T,Y18-24,ITC1,2019,10.8,
ESTAT:EDAT_LFSE_16(1.0),27/09/22 23:00:00,A,PC,T,Y18-24,ITC1,2020,12.0,
ESTAT:EDAT_LFSE_16(1.0),27/09/22 23:00:00,A,PC,T,Y18-24,ITC2,2000,24.4,u
ESTAT:EDAT_LFSE_16(1.0),27/09/22 23:00:00,A,PC,T,Y18-24,ITC2,2001,27.7,u
ESTAT:EDAT_LFSE_16(1.0),27/09/22 23:00:00,A,PC,T,Y18-24,ITC2,2002,25.1,u
ESTAT:EDAT_LFSE_16(1.0),27/09/22 23:00:00,A,PC,T,Y18-24,ITC2,2003,23.8,u
ESTAT:EDAT_LFSE_16(1.0),27/09/22 23:00:00,A,PC,T,Y18-24,ITC2,2004,21.9,bu
ESTAT:EDAT_LFSE_16(1.0),27/09/22 23:00:00,A,PC,T,Y18-24,ITC2,2005,21.4,u
ESTAT:EDAT_LFSE_16(1.0),27/09/22 23:00:00,A,PC,T,Y18-24,ITC2,2006,21.4,bu
ESTAT:EDAT_LFSE_16(1.0),27/09/22 23:00:00,A,PC,T,Y18-24,ITC2,2007,23.9,u
ESTAT:EDAT_LFSE_16(1.0),27/09/22 23:00:00,A,PC,T,Y18-24,ITC2,2008,26.1,u
ESTAT:EDAT_LFSE_16(1.0),27/09/22 23:00:00,A,PC,T,Y18-24,ITC2,2009,21.6,u
ESTAT:EDAT_LFSE_16(1.0),27/09/22 23:00:00,A,PC,T,Y18-24,ITC2,2010,21.3,u
ESTAT:EDAT_LFSE_16(1.0),27/09/22 23:00:00,A,PC,T,Y18-24,ITC2,2011,22.9,u
ESTAT:EDAT_LFSE_16(1.0),27/09/22 23:00:00,A,PC,T,Y18-24,ITC2,2012,21.4,u
ESTAT:EDAT_LFSE_16(1.0),27/09/22 23:00:00,A,PC,T,Y18-24,ITC2,2013,19.6,u
ESTAT:EDAT_LFSE_16(1.0),27/09/22 23:00:00,A,PC,T,Y18-24,ITC2,2014,,bu
ESTAT:EDAT_LFSE_16(1.0),27/09/22 23:00:00,A,PC,T,Y18-24,ITC2,2015,,u
ESTAT:EDAT_LFSE_16(1.0),27/09/22 23:00:00,A,PC,T,Y18-24,ITC2,2016,,u
ESTAT:EDAT_LFSE_16(1.0),27/09/22 23:00:00,A,PC,T,Y18-24,ITC2,2017,,u
ESTAT:EDAT_LFSE_16(1.0),27/09/22 23:00:00,A,PC,T,Y18-24,ITC2,2018,,u
ESTAT:EDAT_LFSE_16(1.0),27/09/22 23:00:00,A,PC,T,Y18-24,ITC2,2019,,u
ESTAT:EDAT_LFSE_16(1.0),27/09/22 23:00:00,A,PC,T,Y18-24,ITC2,2020,,u
ESTAT:EDAT_LFSE_16(1.0),27/09/22 23:00:00,A,PC,T,Y18-24,ITC3,2000,21.6,
ESTAT:EDAT_LFSE_16(1.0),27/09/22 23:00:00,A,PC,T,Y18-24,ITC3,2001,22.7,
ESTAT:EDAT_LFSE_16(1.0),27/09/22 23:00:00,A,PC,T,Y18-24,ITC3,2002,22.5,
ESTAT:EDAT_LFSE_16(1.0),27/09/22 23:00:00,A,PC,T,Y18-24,ITC3,2003,22.8,
ESTAT:EDAT_LFSE_16(1.0),27/09/22 23:00:00,A,PC,T,Y18-24,ITC3,2004,17.8,b
ESTAT:EDAT_LFSE_16(1.0),27/09/22 23:00:00,A,PC,T,Y18-24,ITC3,2005,16.5,
ESTAT:EDAT_LFSE_16(1.0),27/09/22 23:00:00,A,PC,T,Y18-24,ITC3,2006,15.5,b
ESTAT:EDAT_LFSE_16(1.0),27/09/22 23:00:00,A,PC,T,Y18-24,ITC3,2007,16.3,
ESTAT:EDAT_LFSE_16(1.0),27/09/22 23:00:00,A,PC,T,Y18-24,ITC3,2008,12.5,
ESTAT:EDAT_LFSE_16(1.0),27/09/22 23:00:00,A,PC,T,Y18-24,ITC3,2009,12.5,
ESTAT:EDAT_LFSE_16(1.0),27/09/22 23:00:00,A,PC,T,Y18-24,ITC3,2010,16.1,
ESTAT:EDAT_LFSE_16(1.0),27/09/22 23:00:00,A,PC,T,Y18-24,ITC3,2011,14.5,
ESTAT:EDAT_LFSE_16(1.0),27/09/22 23:00:00,A,PC,T,Y18-24,ITC3,2012,17.4,
ESTAT:EDAT_LFSE_16(1.0),27/09/22 23:00:00,A,PC,T,Y18-24,ITC3,2013,14.8,
ESTAT:EDAT_LFSE_16(1.0),27/09/22 23:00:00,A,PC,T,Y18-24,ITC3,2014,13.6,b
ESTAT:EDAT_LFSE_16(1.0),27/09/22 23:00:00,A,PC,T,Y18-24,ITC3,2015,12.0,
ESTAT:EDAT_LFSE_16(1.0),27/09/22 23:00:00,A,PC,T,Y18-24,ITC3,2016,11.4,
ESTAT:EDAT_LFSE_16(1.0),27/09/22 23:00:00,A,PC,T,Y18-24,ITC3,2017,13.1,
ESTAT:EDAT_LFSE_16(1.0),27/09/22 23:00:00,A,PC,T,Y18-24,ITC3,2018,12.8,
ESTAT:EDAT_LFSE_16(1.0),27/09/22 23:00:00,A,PC,T,Y18-24,ITC3,2019,10.1,
ESTAT:EDAT_LFSE_16(1.0),27/09/22 23:00:00,A,PC,T,Y18-24,ITC3,2020,10.7,
ESTAT:EDAT_LFSE_16(1.0),27/09/22 23:00:00,A,PC,T,Y18-24,ITC4,2000,23.4,
ESTAT:EDAT_LFSE_16(1.0),27/09/22 23:00:00,A,PC,T,Y18-24,ITC4,2001,24.0,
ESTAT:EDAT_LFSE_16(1.0),27/09/22 23:00:00,A,PC,T,Y18-24,ITC4,2002,22.3,
ESTAT:EDAT_LFSE_16(1.0),27/09/22 23:00:00,A,PC,T,Y18-24,ITC4,2003,22.0,
ESTAT:EDAT_LFSE_16(1.0),27/09/22 23:00:00,A,PC,T,Y18-24,ITC4,2004,22.4,b
ESTAT:EDAT_LFSE_16(1.0),27/09/22 23:00:00,A,PC,T,Y18-24,ITC4,2005,21.3,
ESTAT:EDAT_LFSE_16(1.0),27/09/22 23:00:00,A,PC,T,Y18-24,ITC4,2006,18.4,b
ESTAT:EDAT_LFSE_16(1.0),27/09/22 23:00:00,A,PC,T,Y18-24,ITC4,2007,18.1,
ESTAT:EDAT_LFSE_16(1.0),27/09/22 23:00:00,A,PC,T,Y18-24,ITC4,2008,19.5,
ESTAT:EDAT_LFSE_16(1.0),27/09/22 23:00:00,A,PC,T,Y18-24,ITC4,2009,19.8,
ESTAT:EDAT_LFSE_16(1.0),27/09/22 23:00:00,A,PC,T,Y18-24,ITC4,2010,18.0,
ESTAT:EDAT_LFSE_16(1.0),27/09/22 23:00:00,A,PC,T,Y18-24,ITC4,2011,16.8,
ESTAT:EDAT_LFSE_16(1.0),27/09/22 23:00:00,A,PC,T,Y18-24,ITC4,2012,15.1,
ESTAT:EDAT_LFSE_16(1.0),27/09/22 23:00:00,A,PC,T,Y18-24,ITC4,2013,15.3,
ESTAT:EDAT_LFSE_16(1.0),27/09/22 23:00:00,A,PC,T,Y18-24,ITC4,2014,12.9,b
ESTAT:EDAT_LFSE_16(1.0),27/09/22 23:00:00,A,PC,T,Y18-24,ITC4,2015,13.1,
ESTAT:EDAT_LFSE_16(1.0),27/09/22 23:00:00,A,PC,T,Y18-24,ITC4,2016,12.7,
ESTAT:EDAT_LFSE_16(1.0),27/09/22 23:00:00,A,PC,T,Y18-24,ITC4,2017,12.0,
ESTAT:EDAT_LFSE_16(1.0),27/09/22 23:00:00,A,PC,T,Y18-24,ITC4,2018,13.3,
ESTAT:EDAT_LFSE_16(1.0),27/09/22 23:00:00,A,PC,T,Y18-24,ITC4,2019,11.5,
ESTAT:EDAT_LFSE_16(1.0),27/09/22 23:00:00,A,PC,T,Y18-24,ITC4,2020,11.9,
ESTAT:EDAT_LFSE_16(1.0),27/09/22 23:00:00,A,PC,T,Y18-24,ITF1,2000,16.3,
ESTAT:EDAT_LFSE_16(1.0),27/09/22 23:00:00,A,PC,T,Y18-24,ITF1,2001,18.4,
ESTAT:EDAT_LFSE_16(1.0),27/09/22 23:00:00,A,PC,T,Y18-24,ITF1,2002,13.7,
ESTAT:EDAT_LFSE_16(1.0),27/09/22 23:00:00,A,PC,T,Y18-24,ITF1,2003,10.2,
ESTAT:EDAT_LFSE_16(1.0),27/09/22 23:00:00,A,PC,T,Y18-24,ITF1,2004,16.0,b
ESTAT:EDAT_LFSE_16(1.0),27/09/22 23:00:00,A,PC,T,Y18-24,ITF1,2005,15.4,
ESTAT:EDAT_LFSE_16(1.0),27/09/22 23:00:00,A,PC,T,Y18-24,ITF1,2006,14.8,b
ESTAT:EDAT_LFSE_16(1.0),27/09/22 23:00:00,A,PC,T,Y18-24,ITF1,2007,14.7,
ESTAT:EDAT_LFSE_16(1.0),27/09/22 23:00:00,A,PC,T,Y18-24,ITF1,2008,16.7,
ESTAT:EDAT_LFSE_16(1.0),27/09/22 23:00:00,A,PC,T,Y18-24,ITF1,2009,14.3,
ESTAT:EDAT_LFSE_16(1.0),27/09/22 23:00:00,A,PC,T,Y18-24,ITF1,2010,13.1,
ESTAT:EDAT_LFSE_16(1.0),27/09/22 23:00:00,A,PC,T,Y18-24,ITF1,2011,12.0,
ESTAT:EDAT_LFSE_16(1.0),27/09/22 23:00:00,A,PC,T,Y18-24,ITF1,2012,12.2,
ESTAT:EDAT_LFSE_16(1.0),27/09/22 23:00:00,A,PC,T,Y18-24,ITF1,2013,10.8,
ESTAT:EDAT_LFSE_16(1.0),27/09/22 23:00:00,A,PC,T,Y18-24,ITF1,2014,9.6,b
ESTAT:EDAT_LFSE_16(1.0),27/09/22 23:00:00,A,PC,T,Y18-24,ITF1,2015,14.2,
ESTAT:EDAT_LFSE_16(1.0),27/09/22 23:00:00,A,PC,T,Y18-24,ITF1,2016,12.4,
ESTAT:EDAT_LFSE_16(1.0),27/09/22 23:00:00,A,PC,T,Y18-24,ITF1,2017,7.4,
ESTAT:EDAT_LFSE_16(1.0),27/09/22 23:00:00,A,PC,T,Y18-24,ITF1,2018,8.8,
ESTAT:EDAT_LFSE_16(1.0),27/09/22 23:00:00,A,PC,T,Y18-24,ITF1,2019,9.8,
ESTAT:EDAT_LFSE_16(1.0),27/09/22 23:00:00,A,PC,T,Y18-24,ITF1,2020,8.0,
ESTAT:EDAT_LFSE_16(1.0),27/09/22 23:00:00,A,PC,T,Y18-24,ITF2,2000,17.9,
ESTAT:EDAT_LFSE_16(1.0),27/09/22 23:00:00,A,PC,T,Y18-24,ITF2,2001,20.0,
ESTAT:EDAT_LFSE_16(1.0),27/09/22 23:00:00,A,PC,T,Y18-24,ITF2,2002,19.1,
ESTAT:EDAT_LFSE_16(1.0),27/09/22 23:00:00,A,PC,T,Y18-24,ITF2,2003,19.0,
ESTAT:EDAT_LFSE_16(1.0),27/09/22 23:00:00,A,PC,T,Y18-24,ITF2,2004,15.2,b
ESTAT:EDAT_LFSE_16(1.0),27/09/22 23:00:00,A,PC,T,Y18-24,ITF2,2005,15.4,
ESTAT:EDAT_LFSE_16(1.0),27/09/22 23:00:00,A,PC,T,Y18-24,ITF2,2006,15.9,b
ESTAT:EDAT_LFSE_16(1.0),27/09/22 23:00:00,A,PC,T,Y18-24,ITF2,2007,16.2,
ESTAT:EDAT_LFSE_16(1.0),27/09/22 23:00:00,A,PC,T,Y18-24,ITF2,2008,16.1,
ESTAT:EDAT_LFSE_16(1.0),27/09/22 23:00:00,A,PC,T,Y18-24,ITF2,2009,16.5,
ESTAT:EDAT_LFSE_16(1.0),27/09/22 23:00:00,A,PC,T,Y18-24,ITF2,2010,13.4,
ESTAT:EDAT_LFSE_16(1.0),27/09/22 23:00:00,A,PC,T,Y18-24,ITF2,2011,12.7,
ESTAT:EDAT_LFSE_16(1.0),27/09/22 23:00:00,A,PC,T,Y18-24,ITF2,2012,9.9,u
ESTAT:EDAT_LFSE_16(1.0),27/09/22 23:00:00,A,PC,T,Y18-24,ITF2,2013,15.3,
ESTAT:EDAT_LFSE_16(1.0),27/09/22 23:00:00,A,PC,T,Y18-24,ITF2,2014,12.1,b
ESTAT:EDAT_LFSE_16(1.0),27/09/22 23:00:00,A,PC,T,Y18-24,ITF2,2015,10.1,u
ESTAT:EDAT_LFSE_16(1.0),27/09/22 23:00:00,A,PC,T,Y18-24,ITF2,2016,10.3,u
ESTAT:EDAT_LFSE_16(1.0),27/09/22 23:00:00,A,PC,T,Y18-24,ITF2,2017,12.0,
ESTAT:EDAT_LFSE_16(1.0),27/09/22 23:00:00,A,PC,T,Y18-24,ITF2,2018,11.0,u
ESTAT:EDAT_LFSE_16(1.0),27/09/22 23:00:00,A,PC,T,Y18-24,ITF2,2019,11.0,u
ESTAT:EDAT_LFSE_16(1.0),27/09/22 23:00:00,A,PC,T,Y18-24,ITF2,2020,8.6,u
ESTAT:EDAT_LFSE_16(1.0),27/09/22 23:00:00,A,PC,T,Y18-24,ITF3,2000,31.3,
ESTAT:EDAT_LFSE_16(1.0),27/09/22 23:00:00,A,PC,T,Y18-24,ITF3,2001,30.7,
ESTAT:EDAT_LFSE_16(1.0),27/09/22 23:00:00,A,PC,T,Y18-24,ITF3,2002,28.4,
ESTAT:EDAT_LFSE_16(1.0),27/09/22 23:00:00,A,PC,T,Y18-24,ITF3,2003,28.5,
ESTAT:EDAT_LFSE_16(1.0),27/09/22 23:00:00,A,PC,T,Y18-24,ITF3,2004,28.4,b
ESTAT:EDAT_LFSE_16(1.0),27/09/22 23:00:00,A,PC,T,Y18-24,ITF3,2005,27.5,
ESTAT:EDAT_LFSE_16(1.0),27/09/22 23:00:00,A,PC,T,Y18-24,ITF3,2006,26.9,b
ESTAT:EDAT_LFSE_16(1.0),27/09/22 23:00:00,A,PC,T,Y18-24,ITF3,2007,28.7,
ESTAT:EDAT_LFSE_16(1.0),27/09/22 23:00:00,A,PC,T,Y18-24,ITF3,2008,26.3,
ESTAT:EDAT_LFSE_16(1.0),27/09/22 23:00:00,A,PC,T,Y18-24,ITF3,2009,23.5,
ESTAT:EDAT_LFSE_16(1.0),27/09/22 23:00:00,A,PC,T,Y18-24,ITF3,2010,23.2,
ESTAT:EDAT_LFSE_16(1.0),27/09/22 23:00:00,A,PC,T,Y18-24,ITF3,2011,21.8,
ESTAT:EDAT_LFSE_16(1.0),27/09/22 23:00:00,A,PC,T,Y18-24,ITF3,2012,21.7,
ESTAT:EDAT_LFSE_16(1.0),27/09/22 23:00:00,A,PC,T,Y18-24,ITF3,2013,21.9,
ESTAT:EDAT_LFSE_16(1.0),27/09/22 23:00:00,A,PC,T,Y18-24,ITF3,2014,19.7,b
ESTAT:EDAT_LFSE_16(1.0),27/09/22 23:00:00,A,PC,T,Y18-24,ITF3,2015,18.8,
ESTAT:EDAT_LFSE_16(1.0),27/09/22 23:00:00,A,PC,T,Y18-24,ITF3,2016,18.1,
ESTAT:EDAT_LFSE_16(1.0),27/09/22 23:00:00,A,PC,T,Y18-24,ITF3,2017,19.1,
ESTAT:EDAT_LFSE_16(1.0),27/09/22 23:00:00,A,PC,T,Y18-24,ITF3,2018,18.5,
ESTAT:EDAT_LFSE_16(1.0),27/09/22 23:00:00,A,PC,T,Y18-24,ITF3,2019,17.3,
ESTAT:EDAT_LFSE_16(1.0),27/09/22 23:00:00,A,PC,T,Y18-24,ITF3,2020,17.3,
ESTAT:EDAT_LFSE_16(1.0),27/09/22 23:00:00,A,PC,T,Y18-24,ITF4,2000,29.3,
ESTAT:EDAT_LFSE_16(1.0),27/09/22 23:00:00,A,PC,T,Y18-24,ITF4,2001,29.8,
ESTAT:EDAT_LFSE_16(1.0),27/09/22 23:00:00,A,PC,T,Y18-24,ITF4,2002,28.6,
ESTAT:EDAT_LFSE_16(1.0),27/09/22 23:00:00,A,PC,T,Y18-24,ITF4,2003,27.5,
ESTAT:EDAT_LFSE_16(1.0),27/09/22 23:00:00,A,PC,T,Y18-24,ITF4,2004,30.3,b
ESTAT:EDAT_LFSE_16(1.0),27/09/22 23:00:00,A,PC,T,Y18-24,ITF4,2005,28.9,
ESTAT:EDAT_LFSE_16(1.0),27/09/22 23:00:00,A,PC,T,Y18-24,ITF4,2006,26.9,b
ESTAT:EDAT_LFSE_16(1.0),27/09/22 23:00:00,A,PC,T,Y18-24,ITF4,2007,25.0,
ESTAT:EDAT_LFSE_16(1.0),27/09/22 23:00:00,A,PC,T,Y18-24,ITF4,2008,23.9,
ESTAT:EDAT_LFSE_16(1.0),27/09/22 23:00:00,A,PC,T,Y18-24,ITF4,2009,24.9,
ESTAT:EDAT_LFSE_16(1.0),27/09/22 23:00:00,A,PC,T,Y18-24,ITF4,2010,23.6,
ESTAT:EDAT_LFSE_16(1.0),27/09/22 23:00:00,A,PC,T,Y18-24,ITF4,2011,19.4,
ESTAT:EDAT_LFSE_16(1.0),27/09/22 23:00:00,A,PC,T,Y18-24,ITF4,2012,19.8,
ESTAT:EDAT_LFSE_16(1.0),27/09/22 23:00:00,A,PC,T,Y18-24,ITF4,2013,19.9,
ESTAT:EDAT_LFSE_16(1.0),27/09/22 23:00:00,A,PC,T,Y18-24,ITF4,2014,16.9,b
ESTAT:EDAT_LFSE_16(1.0),27/09/22 23:00:00,A,PC,T,Y18-24,ITF4,2015,16.7,
ESTAT:EDAT_LFSE_16(1.0),27/09/22 23:00:00,A,PC,T,Y18-24,ITF4,2016,16.9,
ESTAT:EDAT_LFSE_16(1.0),27/09/22 23:00:00,A,PC,T,Y18-24,ITF4,2017,18.6,
ESTAT:EDAT_LFSE_16(1.0),27/09/22 23:00:00,A,PC,T,Y18-24,ITF4,2018,17.5,
ESTAT:EDAT_LFSE_16(1.0),27/09/22 23:00:00,A,PC,T,Y18-24,ITF4,2019,17.9,
ESTAT:EDAT_LFSE_16(1.0),27/09/22 23:00:00,A,PC,T,Y18-24,ITF4,2020,15.6,
ESTAT:EDAT_LFSE_16(1.0),27/09/22 23:00:00,A,PC,T,Y18-24,ITF5,2000,24.6,
ESTAT:EDAT_LFSE_16(1.0),27/09/22 23:00:00,A,PC,T,Y18-24,ITF5,2001,28.5,
ESTAT:EDAT_LFSE_16(1.0),27/09/22 23:00:00,A,PC,T,Y18-24,ITF5,2002,23.5,
ESTAT:EDAT_LFSE_16(1.0),27/09/22 23:00:00,A,PC,T,Y18-24,ITF5,2003,21.6,
ESTAT:EDAT_LFSE_16(1.0),27/09/22 23:00:00,A,PC,T,Y18-24,ITF5,2004,16.8,b
ESTAT:EDAT_LFSE_16(1.0),27/09/22 23:00:00,A,PC,T,Y18-24,ITF5,2005,18.0,
ESTAT:EDAT_LFSE_16(1.0),27/09/22 23:00:00,A,PC,T,Y18-24,ITF5,2006,15.2,b
ESTAT:EDAT_LFSE_16(1.0),27/09/22 23:00:00,A,PC,T,Y18-24,ITF5,2007,14.0,
ESTAT:EDAT_LFSE_16(1.0),27/09/22 23:00:00,A,PC,T,Y18-24,ITF5,2008,13.9,
ESTAT:EDAT_LFSE_16(1.0),27/09/22 23:00:00,A,PC,T,Y18-24,ITF5,2009,12.0,
ESTAT:EDAT_LFSE_16(1.0),27/09/22 23:00:00,A,PC,T,Y18-24,ITF5,2010,15.0,
ESTAT:EDAT_LFSE_16(1.0),27/09/22 23:00:00,A,PC,T,Y18-24,ITF5,2011,14.5,
ESTAT:EDAT_LFSE_16(1.0),27/09/22 23:00:00,A,PC,T,Y18-24,ITF5,2012,13.6,
ESTAT:EDAT_LFSE_16(1.0),27/09/22 23:00:00,A,PC,T,Y18-24,ITF5,2013,14.9,
ESTAT:EDAT_LFSE_16(1.0),27/09/22 23:00:00,A,PC,T,Y18-24,ITF5,2014,12.3,b
ESTAT:EDAT_LFSE_16(1.0),27/09/22 23:00:00,A,PC,T,Y18-24,ITF5,2015,10.3,
ESTAT:EDAT_LFSE_16(1.0),27/09/22 23:00:00,A,PC,T,Y18-24,ITF5,2016,13.6,
ESTAT:EDAT_LFSE_16(1.0),27/09/22 23:00:00,A,PC,T,Y18-24,ITF5,2017,13.8,
ESTAT:EDAT_LFSE_16(1.0),27/09/22 23:00:00,A,PC,T,Y18-24,ITF5,2018,11.1,
ESTAT:EDAT_LFSE_16(1.0),27/09/22 23:00:00,A,PC,T,Y18-24,ITF5,2019,11.8,
ESTAT:EDAT_LFSE_16(1.0),27/09/22 23:00:00,A,PC,T,Y18-24,ITF5,2020,10.1,
ESTAT:EDAT_LFSE_16(1.0),27/09/22 23:00:00,A,PC,T,Y18-24,ITF6,2000,24.4,
ESTAT:EDAT_LFSE_16(1.0),27/09/22 23:00:00,A,PC,T,Y18-24,ITF6,2001,25.8,
ESTAT:EDAT_LFSE_16(1.0),27/09/22 23:00:00,A,PC,T,Y18-24,ITF6,2002,23.8,
ESTAT:EDAT_LFSE_16(1.0),27/09/22 23:00:00,A,PC,T,Y18-24,ITF6,2003,21.8,
ESTAT:EDAT_LFSE_16(1.0),27/09/22 23:00:00,A,PC,T,Y18-24,ITF6,2004,21.9,b
ESTAT:EDAT_LFSE_16(1.0),27/09/22 23:00:00,A,PC,T,Y18-24,ITF6,2005,18.1,
ESTAT:EDAT_LFSE_16(1.0),27/09/22 23:00:00,A,PC,T,Y18-24,ITF6,2006,19.6,b
ESTAT:EDAT_LFSE_16(1.0),27/09/22 23:00:00,A,PC,T,Y18-24,ITF6,2007,21.0,
ESTAT:EDAT_LFSE_16(1.0),27/09/22 23:00:00,A,PC,T,Y18-24,ITF6,2008,18.5,
ESTAT:EDAT_LFSE_16(1.0),27/09/22 23:00:00,A,PC,T,Y18-24,ITF6,2009,17.2,
ESTAT:EDAT_LFSE_16(1.0),27/09/22 23:00:00,A,PC,T,Y18-24,ITF6,2010,16.0,
ESTAT:EDAT_LFSE_16(1.0),27/09/22 23:00:00,A,PC,T,Y18-24,ITF6,2011,18.0,
ESTAT:EDAT_LFSE_16(1.0),27/09/22 23:00:00,A,PC,T,Y18-24,ITF6,2012,16.9,
ESTAT:EDAT_LFSE_16(1.0),27/09/22 23:00:00,A,PC,T,Y18-24,ITF6,2013,16.2,
ESTAT:EDAT_LFSE_16(1.0),27/09/22 23:00:00,A,PC,T,Y18-24,ITF6,2014,16.8,b
ESTAT:EDAT_LFSE_16(1.0),27/09/22 23:00:00,A,PC,T,Y18-24,ITF6,2015,16.1,
ESTAT:EDAT_LFSE_16(1.0),27/09/22 23:00:00,A,PC,T,Y18-24,ITF6,2016,15.7,
ESTAT:EDAT_LFSE_16(1.0),27/09/22 23:00:00,A,PC,T,Y18-24,ITF6,2017,16.3,
ESTAT:EDAT_LFSE_16(1.0),27/09/22 23:00:00,A,PC,T,Y18-24,ITF6,2018,20.3,
ESTAT:EDAT_LFSE_16(1.0),27/09/22 23:00:00,A,PC,T,Y18-24,ITF6,2019,19.0,
ESTAT:EDAT_LFSE_16(1.0),27/09/22 23:00:00,A,PC,T,Y18-24,ITF6,2020,16.6,
ESTAT:EDAT_LFSE_16(1.0),27/09/22 23:00:00,A,PC,T,Y18-24,ITG1,2000,32.0,
ESTAT:EDAT_LFSE_16(1.0),27/09/22 23:00:00,A,PC,T,Y18-24,ITG1,2001,33.1,
ESTAT:EDAT_LFSE_16(1.0),27/09/22 23:00:00,A,PC,T,Y18-24,ITG1,2002,31.5,
ESTAT:EDAT_LFSE_16(1.0),27/09/22 23:00:00,A,PC,T,Y18-24,ITG1,2003,29.3,
ESTAT:EDAT_LFSE_16(1.0),27/09/22 23:00:00,A,PC,T,Y18-24,ITG1,2004,30.5,b
ESTAT:EDAT_LFSE_16(1.0),27/09/22 23:00:00,A,PC,T,Y18-24,ITG1,2005,29.8,
ESTAT:EDAT_LFSE_16(1.0),27/09/22 23:00:00,A,PC,T,Y18-24,ITG1,2006,28.2,b
ESTAT:EDAT_LFSE_16(1.0),27/09/22 23:00:00,A,PC,T,Y18-24,ITG1,2007,25.9,
ESTAT:EDAT_LFSE_16(1.0),27/09/22 23:00:00,A,PC,T,Y18-24,ITG1,2008,26.2,
ESTAT:EDAT_LFSE_16(1.0),27/09/22 23:00:00,A,PC,T,Y18-24,ITG1,2009,26.3,
ESTAT:EDAT_LFSE_16(1.0),27/09/22 23:00:00,A,PC,T,Y18-24,ITG1,2010,25.6,
ESTAT:EDAT_LFSE_16(1.0),27/09/22 23:00:00,A,PC,T,Y18-24,ITG1,2011,24.4,
ESTAT:EDAT_LFSE_16(1.0),27/09/22 23:00:00,A,PC,T,Y18-24,ITG1,2012,24.3,
ESTAT:EDAT_LFSE_16(1.0),27/09/22 23:00:00,A,PC,T,Y18-24,ITG1,2013,25.4,
ESTAT:EDAT_LFSE_16(1.0),27/09/22 23:00:00,A,PC,T,Y18-24,ITG1,2014,24.0,b
ESTAT:EDAT_LFSE_16(1.0),27/09/22 23:00:00,A,PC,T,Y18-24,ITG1,2015,24.3,
ESTAT:EDAT_LFSE_16(1.0),27/09/22 23:00:00,A,PC,T,Y18-24,ITG1,2016,23.5,
ESTAT:EDAT_LFSE_16(1.0),27/09/22 23:00:00,A,PC,T,Y18-24,ITG1,2017,20.9,
ESTAT:EDAT_LFSE_16(1.0),27/09/22 23:00:00,A,PC,T,Y18-24,ITG1,2018,22.1,
ESTAT:EDAT_LFSE_16(1.0),27/09/22 23:00:00,A,PC,T,Y18-24,ITG1,2019,22.4,
ESTAT:EDAT_LFSE_16(1.0),27/09/22 23:00:00,A,PC,T,Y18-24,ITG1,2020,19.4,
ESTAT:EDAT_LFSE_16(1.0),27/09/22 23:00:00,A,PC,T,Y18-24,ITG2,2000,32.1,
ESTAT:EDAT_LFSE_16(1.0),27/09/22 23:00:00,A,PC,T,Y18-24,ITG2,2001,34.3,
ESTAT:EDAT_LFSE_16(1.0),27/09/22 23:00:00,A,PC,T,Y18-24,ITG2,2002,33.0,
ESTAT:EDAT_LFSE_16(1.0),27/09/22 23:00:00,A,PC,T,Y18-24,ITG2,2003,28.7,
ESTAT:EDAT_LFSE_16(1.0),27/09/22 23:00:00,A,PC,T,Y18-24,ITG2,2004,30.1,b
ESTAT:EDAT_LFSE_16(1.0),27/09/22 23:00:00,A,PC,T,Y18-24,ITG2,2005,32.4,
ESTAT:EDAT_LFSE_16(1.0),27/09/22 23:00:00,A,PC,T,Y18-24,ITG2,2006,28.0,b
ESTAT:EDAT_LFSE_16(1.0),27/09/22 23:00:00,A,PC,T,Y18-24,ITG2,2007,21.9,
ESTAT:EDAT_LFSE_16(1.0),27/09/22 23:00:00,A,PC,T,Y18-24,ITG2,2008,22.5,
ESTAT:EDAT_LFSE_16(1.0),27/09/22 23:00:00,A,PC,T,Y18-24,ITG2,2009,22.6,
ESTAT:EDAT_LFSE_16(1.0),27/09/22 23:00:00,A,PC,T,Y18-24,ITG2,2010,23.6,
ESTAT:EDAT_LFSE_16(1.0),27/09/22 23:00:00,A,PC,T,Y18-24,ITG2,2011,25.1,
ESTAT:EDAT_LFSE_16(1.0),27/09/22 23:00:00,A,PC,T,Y18-24,ITG2,2012,25.0,
ESTAT:EDAT_LFSE_16(1.0),27/09/22 23:00:00,A,PC,T,Y18-24,ITG2,2013,24.3,
ESTAT:EDAT_LFSE_16(1.0),27/09/22 23:00:00,A,PC,T,Y18-24,ITG2,2014,23.5,b
ESTAT:EDAT_LFSE_16(1.0),27/09/22 23:00:00,A,PC,T,Y18-24,ITG2,2015,22.9,
ESTAT:EDAT_LFSE_16(1.0),27/09/22 23:00:00,A,PC,T,Y18-24,ITG2,2016,18.1,
ESTAT:EDAT_LFSE_16(1.0),27/09/22 23:00:00,A,PC,T,Y18-24,ITG2,2017,21.2,
ESTAT:EDAT_LFSE_16(1.0),27/09/22 23:00:00,A,PC,T,Y18-24,ITG2,2018,23.0,
ESTAT:EDAT_LFSE_16(1.0),27/09/22 23:00:00,A,PC,T,Y18-24,ITG2,2019,17.8,
ESTAT:EDAT_LFSE_16(1.0),27/09/22 23:00:00,A,PC,T,Y18-24,ITG2,2020,12.0,
ESTAT:EDAT_LFSE_16(1.0),27/09/22 23:00:00,A,PC,T,Y18-24,ITH1,2000,18.7,
ESTAT:EDAT_LFSE_16(1.0),27/09/22 23:00:00,A,PC,T,Y18-24,ITH1,2001,29.0,
ESTAT:EDAT_LFSE_16(1.0),27/09/22 23:00:00,A,PC,T,Y18-24,ITH1,2002,30.1,
ESTAT:EDAT_LFSE_16(1.0),27/09/22 23:00:00,A,PC,T,Y18-24,ITH1,2003,32.5,
ESTAT:EDAT_LFSE_16(1.0),27/09/22 23:00:00,A,PC,T,Y18-24,ITH1,2004,30.5,b
ESTAT:EDAT_LFSE_16(1.0),27/09/22 23:00:00,A,PC,T,Y18-24,ITH1,2005,26.3,
ESTAT:EDAT_LFSE_16(1.0),27/09/22 23:00:00,A,PC,T,Y18-24,ITH1,2006,23.5,b
ESTAT:EDAT_LFSE_16(1.0),27/09/22 23:00:00,A,PC,T,Y18-24,ITH1,2007,23.2,
ESTAT:EDAT_LFSE_16(1.0),27/09/22 23:00:00,A,PC,T,Y18-24,ITH1,2008,21.5,
ESTAT:EDAT_LFSE_16(1.0),27/09/22 23:00:00,A,PC,T,Y18-24,ITH1,2009,21.0,
ESTAT:EDAT_LFSE_16(1.0),27/09/22 23:00:00,A,PC,T,Y18-24,ITH1,2010,22.6,
ESTAT:EDAT_LFSE_16(1.0),27/09/22 23:00:00,A,PC,T,Y18-24,ITH1,2011,18.1,
ESTAT:EDAT_LFSE_16(1.0),27/09/22 23:00:00,A,PC,T,Y18-24,ITH1,2012,19.6,
ESTAT:EDAT_LFSE_16(1.0),27/09/22 23:00:00,A,PC,T,Y18-24,ITH1,2013,16.4,
ESTAT:EDAT_LFSE_16(1.0),27/09/22 23:00:00,A,PC,T,Y18-24,ITH1,2014,13.1,b
ESTAT:EDAT_LFSE_16(1.0),27/09/22 23:00:00,A,PC,T,Y18-24,ITH1,2015,13.1,
ESTAT:EDAT_LFSE_16(1.0),27/09/22 23:00:00,A,PC,T,Y18-24,ITH1,2016,11.1,
ESTAT:EDAT_LFSE_16(1.0),27/09/22 23:00:00,A,PC,T,Y18-24,ITH1,2017,13.8,
ESTAT:EDAT_LFSE_16(1.0),27/09/22 23:00:00,A,PC,T,Y18-24,ITH1,2018,11.0,
ESTAT:EDAT_LFSE_16(1.0),27/09/22 23:00:00,A,PC,T,Y18-24,ITH1,2019,11.6,
ESTAT:EDAT_LFSE_16(1.0),27/09/22 23:00:00,A,PC,T,Y18-24,ITH1,2020,14.2,
ESTAT:EDAT_LFSE_16(1.0),27/09/22 23:00:00,A,PC,T,Y18-24,ITH2,2000,13.8,
ESTAT:EDAT_LFSE_16(1.0),27/09/22 23:00:00,A,PC,T,Y18-24,ITH2,2001,14.5,
ESTAT:EDAT_LFSE_16(1.0),27/09/22 23:00:00,A,PC,T,Y18-24,ITH2,2002,11.2,
ESTAT:EDAT_LFSE_16(1.0),27/09/22 23:00:00,A,PC,T,Y18-24,ITH2,2003,12.1,
ESTAT:EDAT_LFSE_16(1.0),27/09/22 23:00:00,A,PC,T,Y18-24,ITH2,2004,12.3,b
ESTAT:EDAT_LFSE_16(1.0),27/09/22 23:00:00,A,PC,T,Y18-24,ITH2,2005,12.2,
ESTAT:EDAT_LFSE_16(1.0),27/09/22 23:00:00,A,PC,T,Y18-24,ITH2,2006,10.5,b
ESTAT:EDAT_LFSE_16(1.0),27/09/22 23:00:00,A,PC,T,Y18-24,ITH2,2007,10.5,
ESTAT:EDAT_LFSE_16(1.0),27/09/22 23:00:00,A,PC,T,Y18-24,ITH2,2008,12.5,
ESTAT:EDAT_LFSE_16(1.0),27/09/22 23:00:00,A,PC,T,Y18-24,ITH2,2009,12.3,
ESTAT:EDAT_LFSE_16(1.0),27/09/22 23:00:00,A,PC,T,Y18-24,ITH2,2010,11.8,
ESTAT:EDAT_LFSE_16(1.0),27/09/22 23:00:00,A,PC,T,Y18-24,ITH2,2011,9.4,
ESTAT:EDAT_LFSE_16(1.0),27/09/22 23:00:00,A,PC,T,Y18-24,ITH2,2012,11.7,
ESTAT:EDAT_LFSE_16(1.0),27/09/22 23:00:00,A,PC,T,Y18-24,ITH2,2013,10.8,
ESTAT:EDAT_LFSE_16(1.0),27/09/22 23:00:00,A,PC,T,Y18-24,ITH2,2014,8.5,b
ESTAT:EDAT_LFSE_16(1.0),27/09/22 23:00:00,A,PC,T,Y18-24,ITH2,2015,8.7,
ESTAT:EDAT_LFSE_16(1.0),27/09/22 23:00:00,A,PC,T,Y18-24,ITH2,2016,7.9,
ESTAT:EDAT_LFSE_16(1.0),27/09/22 23:00:00,A,PC,T,Y18-24,ITH2,2017,7.8,
ESTAT:EDAT_LFSE_16(1.0),27/09/22 23:00:00,A,PC,T,Y18-24,ITH2,2018,6.7,
ESTAT:EDAT_LFSE_16(1.0),27/09/22 23:00:00,A,PC,T,Y18-24,ITH2,2019,6.8,
ESTAT:EDAT_LFSE_16(1.0),27/09/22 23:00:00,A,PC,T,Y18-24,ITH2,2020,7.9,
ESTAT:EDAT_LFSE_16(1.0),27/09/22 23:00:00,A,PC,T,Y18-24,ITH3,2000,22.9,
ESTAT:EDAT_LFSE_16(1.0),27/09/22 23:00:00,A,PC,T,Y18-24,ITH3,2001,22.4,
ESTAT:EDAT_LFSE_16(1.0),27/09/22 23:00:00,A,PC,T,Y18-24,ITH3,2002,20.5,
ESTAT:EDAT_LFSE_16(1.0),27/09/22 23:00:00,A,PC,T,Y18-24,ITH3,2003,18.1,
ESTAT:EDAT_LFSE_16(1.0),27/09/22 23:00:00,A,PC,T,Y18-24,ITH3,2004,18.4,b
ESTAT:EDAT_LFSE_16(1.0),27/09/22 23:00:00,A,PC,T,Y18-24,ITH3,2005,18.1,
ESTAT:EDAT_LFSE_16(1.0),27/09/22 23:00:00,A,PC,T,Y18-24,ITH3,2006,14.7,b
ESTAT:EDAT_LFSE_16(1.0),27/09/22 23:00:00,A,PC,T,Y18-24,ITH3,2007,13.1,
ESTAT:EDAT_LFSE_16(1.0),27/09/22 23:00:00,A,PC,T,Y18-24,ITH3,2008,15.5,
ESTAT:EDAT_LFSE_16(1.0),27/09/22 23:00:00,A,PC,T,Y18-24,ITH3,2009,16.5,
ESTAT:EDAT_LFSE_16(1.0),27/09/22 23:00:00,A,PC,T,Y18-24,ITH3,2010,15.5,
ESTAT:EDAT_LFSE_16(1.0),27/09/22 23:00:00,A,PC,T,Y18-24,ITH3,2011,16.5,
ESTAT:EDAT_LFSE_16(1.0),27/09/22 23:00:00,A,PC,T,Y18-24,ITH3,2012,13.8,
ESTAT:EDAT_LFSE_16(1.0),27/09/22 23:00:00,A,PC,T,Y18-24,ITH3,2013,10.0,
ESTAT:EDAT_LFSE_16(1.0),27/09/22 23:00:00,A,PC,T,Y18-24,ITH3,2014,8.4,b
ESTAT:EDAT_LFSE_16(1.0),27/09/22 23:00:00,A,PC,T,Y18-24,ITH3,2015,8.1,
ESTAT:EDAT_LFSE_16(1.0),27/09/22 23:00:00,A,PC,T,Y18-24,ITH3,2016,6.9,
ESTAT:EDAT_LFSE_16(1.0),27/09/22 23:00:00,A,PC,T,Y18-24,ITH3,2017,10.5,
ESTAT:EDAT_LFSE_16(1.0),27/09/22 23:00:00,A,PC,T,Y18-24,ITH3,2018,11.0,
ESTAT:EDAT_LFSE_16(1.0),27/09/22 23:00:00,A,PC,T,Y18-24,ITH3,2019,8.4,
ESTAT:EDAT_LFSE_16(1.0),27/09/22 23:00:00,A,PC,T,Y18-24,ITH3,2020,10.5,
ESTAT:EDAT_LFSE_16(1.0),27/09/22 23:00:00,A,PC,T,Y18-24,ITH4,2000,15.7,
ESTAT:EDAT_LFSE_16(1.0),27/09/22 23:00:00,A,PC,T,Y18-24,ITH4,2001,16.4,
ESTAT:EDAT_LFSE_16(1.0),27/09/22 23:00:00,A,PC,T,Y18-24,ITH4,2002,15.6,
ESTAT:EDAT_LFSE_16(1.0),27/09/22 23:00:00,A,PC,T,Y18-24,ITH4,2003,17.2,
ESTAT:EDAT_LFSE_16(1.0),27/09/22 23:00:00,A,PC,T,Y18-24,ITH4,2004,14.0,b
ESTAT:EDAT_LFSE_16(1.0),27/09/22 23:00:00,A,PC,T,Y18-24,ITH4,2005,16.4,
ESTAT:EDAT_LFSE_16(1.0),27/09/22 23:00:00,A,PC,T,Y18-24,ITH4,2006,20.1,b
ESTAT:EDAT_LFSE_16(1.0),27/09/22 23:00:00,A,PC,T,Y18-24,ITH4,2007,12.5,
ESTAT:EDAT_LFSE_16(1.0),27/09/22 23:00:00,A,PC,T,Y18-24,ITH4,2008,15.2,
ESTAT:EDAT_LFSE_16(1.0),27/09/22 23:00:00,A,PC,T,Y18-24,ITH4,2009,14.7,
ESTAT:EDAT_LFSE_16(1.0),27/09/22 23:00:00,A,PC,T,Y18-24,ITH4,2010,12.1,
ESTAT:EDAT_LFSE_16(1.0),27/09/22 23:00:00,A,PC,T,Y18-24,ITH4,2011,13.0,
ESTAT:EDAT_LFSE_16(1.0),27/09/22 23:00:00,A,PC,T,Y18-24,ITH4,2012,13.0,
ESTAT:EDAT_LFSE_16(1.0),27/09/22 23:00:00,A,PC,T,Y18-24,ITH4,2013,11.1,
ESTAT:EDAT_LFSE_16(1.0),27/09/22 23:00:00,A,PC,T,Y18-24,ITH4,2014,11.1,b
ESTAT:EDAT_LFSE_16(1.0),27/09/22 23:00:00,A,PC,T,Y18-24,ITH4,2015,6.9,
ESTAT:EDAT_LFSE_16(1.0),27/09/22 23:00:00,A,PC,T,Y18-24,ITH4,2016,8.0,
ESTAT:EDAT_LFSE_16(1.0),27/09/22 23:00:00,A,PC,T,Y18-24,ITH4,2017,10.3,
ESTAT:EDAT_LFSE_16(1.0),27/09/22 23:00:00,A,PC,T,Y18-24,ITH4,2018,8.9,
ESTAT:EDAT_LFSE_16(1.0),27/09/22 23:00:00,A,PC,T,Y18-24,ITH4,2019,8.6,
ESTAT:EDAT_LFSE_16(1.0),27/09/22 23:00:00,A,PC,T,Y18-24,ITH4,2020,8.5,
ESTAT:EDAT_LFSE_16(1.0),27/09/22 23:00:00,A,PC,T,Y18-24,ITH5,2005,19.5,
ESTAT:EDAT_LFSE_16(1.0),27/09/22 23:00:00,A,PC,T,Y18-24,ITH5,2006,17.4,b
ESTAT:EDAT_LFSE_16(1.0),27/09/22 23:00:00,A,PC,T,Y18-24,ITH5,2007,17.0,
ESTAT:EDAT_LFSE_16(1.0),27/09/22 23:00:00,A,PC,T,Y18-24,ITH5,2008,16.0,
ESTAT:EDAT_LFSE_16(1.0),27/09/22 23:00:00,A,PC,T,Y18-24,ITH5,2009,14.5,
ESTAT:EDAT_LFSE_16(1.0),27/09/22 23:00:00,A,PC,T,Y18-24,ITH5,2010,14.8,
ESTAT:EDAT_LFSE_16(1.0),27/09/22 23:00:00,A,PC,T,Y18-24,ITH5,2011,13.6,
ESTAT:EDAT_LFSE_16(1.0),27/09/22 23:00:00,A,PC,T,Y18-24,ITH5,2012,14.7,
ESTAT:EDAT_LFSE_16(1.0),27/09/22 23:00:00,A,PC,T,Y18-24,ITH5,2013,15.1,
ESTAT:EDAT_LFSE_16(1.0),27/09/22 23:00:00,A,PC,T,Y18-24,ITH5,2014,13.2,b
ESTAT:EDAT_LFSE_16(1.0),27/09/22 23:00:00,A,PC,T,Y18-24,ITH5,2015,13.3,
ESTAT:EDAT_LFSE_16(1.0),27/09/22 23:00:00,A,PC,T,Y18-24,ITH5,2016,11.3,
ESTAT:EDAT_LFSE_16(1.0),27/09/22 23:00:00,A,PC,T,Y18-24,ITH5,2017,9.9,
ESTAT:EDAT_LFSE_16(1.0),27/09/22 23:00:00,A,PC,T,Y18-24,ITH5,2018,11.0,
ESTAT:EDAT_LFSE_16(1.0),27/09/22 23:00:00,A,PC,T,Y18-24,ITH5,2019,11.3,
ESTAT:EDAT_LFSE_16(1.0),27/09/22 23:00:00,A,PC,T,Y18-24,ITH5,2020,9.3,
ESTAT:EDAT_LFSE_16(1.0),27/09/22 23:00:00,A,PC,T,Y18-24,ITI1,2000,26.0,
ESTAT:EDAT_LFSE_16(1.0),27/09/22 23:00:00,A,PC,T,Y18-24,ITI1,2001,25.0,
ESTAT:EDAT_LFSE_16(1.0),27/09/22 23:00:00,A,PC,T,Y18-24,ITI1,2002,22.4,
ESTAT:EDAT_LFSE_16(1.0),27/09/22 23:00:00,A,PC,T,Y18-24,ITI1,2003,20.4,
ESTAT:EDAT_LFSE_16(1.0),27/09/22 23:00:00,A,PC,T,Y18-24,ITI1,2004,21.0,b
ESTAT:EDAT_LFSE_16(1.0),27/09/22 23:00:00,A,PC,T,Y18-24,ITI1,2005,16.7,
ESTAT:EDAT_LFSE_16(1.0),27/09/22 23:00:00,A,PC,T,Y18-24,ITI1,2006,16.6,b
ESTAT:EDAT_LFSE_16(1.0),27/09/22 23:00:00,A,PC,T,Y18-24,ITI1,2007,17.6,
ESTAT:EDAT_LFSE_16(1.0),27/09/22 23:00:00,A,PC,T,Y18-24,ITI1,2008,16.7,
ESTAT:EDAT_LFSE_16(1.0),27/09/22 23:00:00,A,PC,T,Y18-24,ITI1,2009,16.5,
ESTAT:EDAT_LFSE_16(1.0),27/09/22 23:00:00,A,PC,T,Y18-24,ITI1,2010,17.5,
ESTAT:EDAT_LFSE_16(1.0),27/09/22 23:00:00,A,PC,T,Y18-24,ITI1,2011,18.2,
ESTAT:EDAT_LFSE_16(1.0),27/09/22 23:00:00,A,PC,T,Y18-24,ITI1,2012,17.5,
ESTAT:EDAT_LFSE_16(1.0),27/09/22 23:00:00,A,PC,T,Y18-24,ITI1,2013,16.2,
ESTAT:EDAT_LFSE_16(1.0),27/09/22 23:00:00,A,PC,T,Y18-24,ITI1,2014,13.8,b
ESTAT:EDAT_LFSE_16(1.0),27/09/22 23:00:00,A,PC,T,Y18-24,ITI1,2015,13.4,
ESTAT:EDAT_LFSE_16(1.0),27/09/22 23:00:00,A,PC,T,Y18-24,ITI1,2016,11.5,
ESTAT:EDAT_LFSE_16(1.0),27/09/22 23:00:00,A,PC,T,Y18-24,ITI1,2017,10.9,
ESTAT:EDAT_LFSE_16(1.0),27/09/22 23:00:00,A,PC,T,Y18-24,ITI1,2018,10.6,
ESTAT:EDAT_LFSE_16(1.0),27/09/22 23:00:00,A,PC,T,Y18-24,ITI1,2019,10.4,
ESTAT:EDAT_LFSE_16(1.0),27/09/22 23:00:00,A,PC,T,Y18-24,ITI1,2020,11.7,
ESTAT:EDAT_LFSE_16(1.0),27/09/22 23:00:00,A,PC,T,Y18-24,ITI2,2000,15.8,
ESTAT:EDAT_LFSE_16(1.0),27/09/22 23:00:00,A,PC,T,Y18-24,ITI2,2001,13.0,
ESTAT:EDAT_LFSE_16(1.0),27/09/22 23:00:00,A,PC,T,Y18-24,ITI2,2002,13.8,
ESTAT:EDAT_LFSE_16(1.0),27/09/22 23:00:00,A,PC,T,Y18-24,ITI2,2003,14.5,
ESTAT:EDAT_LFSE_16(1.0),27/09/22 23:00:00,A,PC,T,Y18-24,ITI2,2004,13.3,b
ESTAT:EDAT_LFSE_16(1.0),27/09/22 23:00:00,A,PC,T,Y18-24,ITI2,2005,15.3,
ESTAT:EDAT_LFSE_16(1.0),27/09/22 23:00:00,A,PC,T,Y18-24,ITI2,2006,14.3,b
ESTAT:EDAT_LFSE_16(1.0),27/09/22 23:00:00,A,PC,T,Y18-24,ITI2,2007,12.4,
ESTAT:EDAT_LFSE_16(1.0),27/09/22 23:00:00,A,PC,T,Y18-24,ITI2,2008,14.5,
ESTAT:EDAT_LFSE_16(1.0),27/09/22 23:00:00,A,PC,T,Y18-24,ITI2,2009,12.0,
ESTAT:EDAT_LFSE_16(1.0),27/09/22 23:00:00,A,PC,T,Y18-24,ITI2,2010,12.9,
ESTAT:EDAT_LFSE_16(1.0),27/09/22 23:00:00,A,PC,T,Y18-24,ITI2,2011,10.9,
ESTAT:EDAT_LFSE_16(1.0),27/09/22 23:00:00,A,PC,T,Y18-24,ITI2,2012,13.0,
ESTAT:EDAT_LFSE_16(1.0),27/09/22 23:00:00,A,PC,T,Y18-24,ITI2,2013,11.5,
ESTAT:EDAT_LFSE_16(1.0),27/09/22 23:00:00,A,PC,T,Y18-24,ITI2,2014,9.1,b
ESTAT:EDAT_LFSE_16(1.0),27/09/22 23:00:00,A,PC,T,Y18-24,ITI2,2015,8.1,
ESTAT:EDAT_LFSE_16(1.0),27/09/22 23:00:00,A,PC,T,Y18-24,ITI2,2016,6.7,
ESTAT:EDAT_LFSE_16(1.0),27/09/22 23:00:00,A,PC,T,Y18-24,ITI2,2017,9.3,
ESTAT:EDAT_LFSE_16(1.0),27/09/22 23:00:00,A,PC,T,Y18-24,ITI2,2018,8.4,
ESTAT:EDAT_LFSE_16(1.0),27/09/22 23:00:00,A,PC,T,Y18-24,ITI2,2019,9.5,
ESTAT:EDAT_LFSE_16(1.0),27/09/22 23:00:00,A,PC,T,Y18-24,ITI2,2020,11.2,
ESTAT:EDAT_LFSE_16(1.0),27/09/22 23:00:00,A,PC,T,Y18-24,ITI3,2005,19.2,
ESTAT:EDAT_LFSE_16(1.0),27/09/22 23:00:00,A,PC,T,Y18-24,ITI3,2006,17.5,b
ESTAT:EDAT_LFSE_16(1.0),27/09/22 23:00:00,A,PC,T,Y18-24,ITI3,2007,15.8,
ESTAT:EDAT_LFSE_16(1.0),27/09/22 23:00:00,A,PC,T,Y18-24,ITI3,2008,14.4,
ESTAT:EDAT_LFSE_16(1.0),27/09/22 23:00:00,A,PC,T,Y18-24,ITI3,2009,15.4,
ESTAT:EDAT_LFSE_16(1.0),27/09/22 23:00:00,A,PC,T,Y18-24,ITI3,2010,14.8,
ESTAT:EDAT_LFSE_16(1.0),27/09/22 23:00:00,A,PC,T,Y18-24,ITI3,2011,12.5,
ESTAT:EDAT_LFSE_16(1.0),27/09/22 23:00:00,A,PC,T,Y18-24,ITI3,2012,15.3,
ESTAT:EDAT_LFSE_16(1.0),27/09/22 23:00:00,A,PC,T,Y18-24,ITI3,2013,13.2,
ESTAT:EDAT_LFSE_16(1.0),27/09/22 23:00:00,A,PC,T,Y18-24,ITI3,2014,10.9,b
ESTAT:EDAT_LFSE_16(1.0),27/09/22 23:00:00,A,PC,T,Y18-24,ITI3,2015,10.0,
ESTAT:EDAT_LFSE_16(1.0),27/09/22 23:00:00,A,PC,T,Y18-24,ITI3,2016,11.0,
ESTAT:EDAT_LFSE_16(1.0),27/09/22 23:00:00,A,PC,T,Y18-24,ITI3,2017,10.1,
ESTAT:EDAT_LFSE_16(1.0),27/09/22 23:00:00,A,PC,T,Y18-24,ITI3,2018,10.0,
ESTAT:EDAT_LFSE_16(1.0),27/09/22 23:00:00,A,PC,T,Y18-24,ITI3,2019,8.7,
ESTAT:EDAT_LFSE_16(1.0),27/09/22 23:00:00,A,PC,T,Y18-24,ITI3,2020,9.8,
ESTAT:EDAT_LFSE_16(1.0),27/09/22 23:00:00,A,PC,T,Y18-24,ITI4,2000,18.1,
ESTAT:EDAT_LFSE_16(1.0),27/09/22 23:00:00,A,PC,T,Y18-24,ITI4,2001,19.5,
ESTAT:EDAT_LFSE_16(1.0),27/09/22 23:00:00,A,PC,T,Y18-24,ITI4,2002,18.8,
ESTAT:EDAT_LFSE_16(1.0),27/09/22 23:00:00,A,PC,T,Y18-24,ITI4,2003,18.3,
ESTAT:EDAT_LFSE_16(1.0),27/09/22 23:00:00,A,PC,T,Y18-24,ITI4,2004,15.7,b
ESTAT:EDAT_LFSE_16(1.0),27/09/22 23:00:00,A,PC,T,Y18-24,ITI4,2005,14.7,
ESTAT:EDAT_LFSE_16(1.0),27/09/22 23:00:00,A,PC,T,Y18-24,ITI4,2006,12.0,b
ESTAT:EDAT_LFSE_16(1.0),27/09/22 23:00:00,A,PC,T,Y18-24,ITI4,2007,10.6,
ESTAT:EDAT_LFSE_16(1.0),27/09/22 23:00:00,A,PC,T,Y18-24,ITI4,2008,12.8,
ESTAT:EDAT_LFSE_16(1.0),27/09/22 23:00:00,A,PC,T,Y18-24,ITI4,2009,10.9,
ESTAT:EDAT_LFSE_16(1.0),27/09/22 23:00:00,A,PC,T,Y18-24,ITI4,2010,13.0,
ESTAT:EDAT_LFSE_16(1.0),27/09/22 23:00:00,A,PC,T,Y18-24,ITI4,2011,15.0,
ESTAT:EDAT_LFSE_16(1.0),27/09/22 23:00:00,A,PC,T,Y18-24,ITI4,2012,12.3,
ESTAT:EDAT_LFSE_16(1.0),27/09/22 23:00:00,A,PC,T,Y18-24,ITI4,2013,12.2,
ESTAT:EDAT_LFSE_16(1.0),27/09/22 23:00:00,A,PC,T,Y18-24,ITI4,2014,12.5,b
ESTAT:EDAT_LFSE_16(1.0),27/09/22 23:00:00,A,PC,T,Y18-24,ITI4,2015,11.3,
ESTAT:EDAT_LFSE_16(1.0),27/09/22 23:00:00,A,PC,T,Y18-24,ITI4,2016,10.9,
ESTAT:EDAT_LFSE_16(1.0),27/09/22 23:00:00,A,PC,T,Y18-24,ITI4,2017,11.0,
ESTAT:EDAT_LFSE_16(1.0),27/09/22 23:00:00,A,PC,T,Y18-24,ITI4,2018,11.3,
ESTAT:EDAT_LFSE_16(1.0),27/09/22 23:00:00,A,PC,T,Y18-24,ITI4,2019,12.0,
ESTAT:EDAT_LFSE_16(1.0),27/09/22 23:00:00,A,PC,T,Y18-24,ITI4,2020,11.9,
ESTAT:EDAT_LFSE_16(1.0),27/09/22 23:00:00,A,PC,T,Y18-24,RS11,2013,4.4,u
ESTAT:EDAT_LFSE_16(1.0),27/09/22 23:00:00,A,PC,T,Y18-24,RS11,2014,4.9,b
ESTAT:EDAT_LFSE_16(1.0),27/09/22 23:00:00,A,PC,T,Y18-24,RS11,2015,4.8,
ESTAT:EDAT_LFSE_16(1.0),27/09/22 23:00:00,A,PC,T,Y18-24,RS11,2016,4.6,
ESTAT:EDAT_LFSE_16(1.0),27/09/22 23:00:00,A,PC,T,Y18-24,RS11,2017,3.2,u
ESTAT:EDAT_LFSE_16(1.0),27/09/22 23:00:00,A,PC,T,Y18-24,RS11,2018,3.8,
ESTAT:EDAT_LFSE_16(1.0),27/09/22 23:00:00,A,PC,T,Y18-24,RS11,2019,5.6,
ESTAT:EDAT_LFSE_16(1.0),27/09/22 23:00:00,A,PC,T,Y18-24,RS11,2020,4.5,
ESTAT:EDAT_LFSE_16(1.0),27/09/22 23:00:00,A,PC,T,Y18-24,RS12,2013,11.3,
ESTAT:EDAT_LFSE_16(1.0),27/09/22 23:00:00,A,PC,T,Y18-24,RS12,2014,12.3,b
ESTAT:EDAT_LFSE_16(1.0),27/09/22 23:00:00,A,PC,T,Y18-24,RS12,2015,9.6,
ESTAT:EDAT_LFSE_16(1.0),27/09/22 23:00:00,A,PC,T,Y18-24,RS12,2016,8.7,
ESTAT:EDAT_LFSE_16(1.0),27/09/22 23:00:00,A,PC,T,Y18-24,RS12,2017,8.6,
ESTAT:EDAT_LFSE_16(1.0),27/09/22 23:00:00,A,PC,T,Y18-24,RS12,2018,8.6,
ESTAT:EDAT_LFSE_16(1.0),27/09/22 23:00:00,A,PC,T,Y18-24,RS12,2019,7.7,
ESTAT:EDAT_LFSE_16(1.0),27/09/22 23:00:00,A,PC,T,Y18-24,RS12,2020,5.2,
ESTAT:EDAT_LFSE_16(1.0),27/09/22 23:00:00,A,PC,T,Y18-24,RS21,2013,7.7,
ESTAT:EDAT_LFSE_16(1.0),27/09/22 23:00:00,A,PC,T,Y18-24,RS21,2014,7.1,b
ESTAT:EDAT_LFSE_16(1.0),27/09/22 23:00:00,A,PC,T,Y18-24,RS21,2015,7.9,
ESTAT:EDAT_LFSE_16(1.0),27/09/22 23:00:00,A,PC,T,Y18-24,RS21,2016,7.2,
ESTAT:EDAT_LFSE_16(1.0),27/09/22 23:00:00,A,PC,T,Y18-24,RS21,2017,5.3,
ESTAT:EDAT_LFSE_16(1.0),27/09/22 23:00:00,A,PC,T,Y18-24,RS21,2018,6.5,
ESTAT:EDAT_LFSE_16(1.0),27/09/22 23:00:00,A,PC,T,Y18-24,RS21,2019,6.1,
ESTAT:EDAT_LFSE_16(1.0),27/09/22 23:00:00,A,PC,T,Y18-24,RS21,2020,5.9,
ESTAT:EDAT_LFSE_16(1.0),27/09/22 23:00:00,A,PC,T,Y18-24,RS22,2013,11.8,
ESTAT:EDAT_LFSE_16(1.0),27/09/22 23:00:00,A,PC,T,Y18-24,RS22,2014,8.8,b
ESTAT:EDAT_LFSE_16(1.0),27/09/22 23:00:00,A,PC,T,Y18-24,RS22,2015,7.0,
ESTAT:EDAT_LFSE_16(1.0),27/09/22 23:00:00,A,PC,T,Y18-24,RS22,2016,6.8,
ESTAT:EDAT_LFSE_16(1.0),27/09/22 23:00:00,A,PC,T,Y18-24,RS22,2017,7.5,
ESTAT:EDAT_LFSE_16(1.0),27/09/22 23:00:00,A,PC,T,Y18-24,RS22,2018,8.1,
ESTAT:EDAT_LFSE_16(1.0),27/09/22 23:00:00,A,PC,T,Y18-24,RS22,2019,7.0,
ESTAT:EDAT_LFSE_16(1.0),27/09/22 23:00:00,A,PC,T,Y18-24,RS22,2020,6.8,
ESTAT:EDAT_LFSE_16(1.0),27/09/22 23:00:00,A,PC,T,Y18-24,SE11,2000,6.7,
ESTAT:EDAT_LFSE_16(1.0),27/09/22 23:00:00,A,PC,T,Y18-24,SE11,2001,13.4,b
ESTAT:EDAT_LFSE_16(1.0),27/09/22 23:00:00,A,PC,T,Y18-24,SE11,2002,11.1,
ESTAT:EDAT_LFSE_16(1.0),27/09/22 23:00:00,A,PC,T,Y18-24,SE11,2003,11.4,b
ESTAT:EDAT_LFSE_16(1.0),27/09/22 23:00:00,A,PC,T,Y18-24,SE11,2004,11.3,
ESTAT:EDAT_LFSE_16(1.0),27/09/22 23:00:00,A,PC,T,Y18-24,SE11,2005,13.8,b
ESTAT:EDAT_LFSE_16(1.0),27/09/22 23:00:00,A,PC,T,Y18-24,SE11,2006,10.8,b
ESTAT:EDAT_LFSE_16(1.0),27/09/22 23:00:00,A,PC,T,Y18-24,SE11,2007,10.6,b
ESTAT:EDAT_LFSE_16(1.0),27/09/22 23:00:00,A,PC,T,Y18-24,SE11,2008,10.6,b
ESTAT:EDAT_LFSE_16(1.0),27/09/22 23:00:00,A,PC,T,Y18-24,SE11,2009,8.1,
ESTAT:EDAT_LFSE_16(1.0),27/09/22 23:00:00,A,PC,T,Y18-24,SE11,2010,7.3,
ESTAT:EDAT_LFSE_16(1.0),27/09/22 23:00:00,A,PC,T,Y18-24,SE11,2011,7.0,
ESTAT:EDAT_LFSE_16(1.0),27/09/22 23:00:00,A,PC,T,Y18-24,SE11,2012,7.6,
ESTAT:EDAT_LFSE_16(1.0),27/09/22 23:00:00,A,PC,T,Y18-24,SE11,2013,7.5,
ESTAT:EDAT_LFSE_16(1.0),27/09/22 23:00:00,A,PC,T,Y18-24,SE11,2014,6.9,b
ESTAT:EDAT_LFSE_16(1.0),27/09/22 23:00:00,A,PC,T,Y18-24,SE11,2015,8.1,
ESTAT:EDAT_LFSE_16(1.0),27/09/22 23:00:00,A,PC,T,Y18-24,SE11,2016,8.6,
ESTAT:EDAT_LFSE_16(1.0),27/09/22 23:00:00,A,PC,T,Y18-24,SE11,2017,8.1,
ESTAT:EDAT_LFSE_16(1.0),27/09/22 23:00:00,A,PC,T,Y18-24,SE11,2018,7.0,b
ESTAT:EDAT_LFSE_16(1.0),27/09/22 23:00:00,A,PC,T,Y18-24,SE11,2019,5.9,
ESTAT:EDAT_LFSE_16(1.0),27/09/22 23:00:00,A,PC,T,Y18-24,SE11,2020,7.4,
ESTAT:EDAT_LFSE_16(1.0),27/09/22 23:00:00,A,PC,T,Y18-24,SE12,2000,6.0,
ESTAT:EDAT_LFSE_16(1.0),27/09/22 23:00:00,A,PC,T,Y18-24,SE12,2001,10.7,b
ESTAT:EDAT_LFSE_16(1.0),27/09/22 23:00:00,A,PC,T,Y18-24,SE12,2002,10.2,
ESTAT:EDAT_LFSE_16(1.0),27/09/22 23:00:00,A,PC,T,Y18-24,SE12,2003,8.6,b
ESTAT:EDAT_LFSE_16(1.0),27/09/22 23:00:00,A,PC,T,Y18-24,SE12,2004,9.1,
ESTAT:EDAT_LFSE_16(1.0),27/09/22 23:00:00,A,PC,T,Y18-24,SE12,2005,10.5,b
ESTAT:EDAT_LFSE_16(1.0),27/09/22 23:00:00,A,PC,T,Y18-24,SE12,2006,8.6,b
ESTAT:EDAT_LFSE_16(1.0),27/09/22 23:00:00,A,PC,T,Y18-24,SE12,2007,7.9,b
ESTAT:EDAT_LFSE_16(1.0),27/09/22 23:00:00,A,PC,T,Y18-24,SE12,2008,7.4,b
ESTAT:EDAT_LFSE_16(1.0),27/09/22 23:00:00,A,PC,T,Y18-24,SE12,2009,6.6,
ESTAT:EDAT_LFSE_16(1.0),27/09/22 23:00:00,A,PC,T,Y18-24,SE12,2010,7.0,
ESTAT:EDAT_LFSE_16(1.0),27/09/22 23:00:00,A,PC,T,Y18-24,SE12,2011,7.2,
ESTAT:EDAT_LFSE_16(1.0),27/09/22 23:00:00,A,PC,T,Y18-24,SE12,2012,8.1,
ESTAT:EDAT_LFSE_16(1.0),27/09/22 23:00:00,A,PC,T,Y18-24,SE12,2013,8.0,
ESTAT:EDAT_LFSE_16(1.0),27/09/22 23:00:00,A,PC,T,Y18-24,SE12,2014,6.5,b
ESTAT:EDAT_LFSE_16(1.0),27/09/22 23:00:00,A,PC,T,Y18-24,SE12,2015,6.6,
ESTAT:EDAT_LFSE_16(1.0),27/09/22 23:00:00,A,PC,T,Y18-24,SE12,2016,7.1,
ESTAT:EDAT_LFSE_16(1.0),27/09/22 23:00:00,A,PC,T,Y18-24,SE12,2017,7.1,
ESTAT:EDAT_LFSE_16(1.0),27/09/22 23:00:00,A,PC,T,Y18-24,SE12,2018,7.1,b
ESTAT:EDAT_LFSE_16(1.0),27/09/22 23:00:00,A,PC,T,Y18-24,SE12,2019,4.8,
ESTAT:EDAT_LFSE_16(1.0),27/09/22 23:00:00,A,PC,T,Y18-24,SE12,2020,7.1,
ESTAT:EDAT_LFSE_16(1.0),27/09/22 23:00:00,A,PC,T,Y18-24,SE21,2000,,u
ESTAT:EDAT_LFSE_16(1.0),27/09/22 23:00:00,A,PC,T,Y18-24,SE21,2001,10.9,b
ESTAT:EDAT_LFSE_16(1.0),27/09/22 23:00:00,A,PC,T,Y18-24,SE21,2002,9.3,
ESTAT:EDAT_LFSE_16(1.0),27/09/22 23:00:00,A,PC,T,Y18-24,SE21,2003,9.1,b
ESTAT:EDAT_LFSE_16(1.0),27/09/22 23:00:00,A,PC,T,Y18-24,SE21,2004,8.5,
ESTAT:EDAT_LFSE_16(1.0),27/09/22 23:00:00,A,PC,T,Y18-24,SE21,2005,10.0,b
ESTAT:EDAT_LFSE_16(1.0),27/09/22 23:00:00,A,PC,T,Y18-24,SE21,2006,8.2,b
ESTAT:EDAT_LFSE_16(1.0),27/09/22 23:00:00,A,PC,T,Y18-24,SE21,2007,8.2,b
ESTAT:EDAT_LFSE_16(1.0),27/09/22 23:00:00,A,PC,T,Y18-24,SE21,2008,8.6,b
ESTAT:EDAT_LFSE_16(1.0),27/09/22 23:00:00,A,PC,T,Y18-24,SE21,2009,6.8,
ESTAT:EDAT_LFSE_16(1.0),27/09/22 23:00:00,A,PC,T,Y18-24,SE21,2010,6.2,
ESTAT:EDAT_LFSE_16(1.0),27/09/22 23:00:00,A,PC,T,Y18-24,SE21,2011,6.1,
ESTAT:EDAT_LFSE_16(1.0),27/09/22 23:00:00,A,PC,T,Y18-24,SE21,2012,7.2,
ESTAT:EDAT_LFSE_16(1.0),27/09/22 23:00:00,A,PC,T,Y18-24,SE21,2013,6.6,
ESTAT:EDAT_LFSE_16(1.0),27/09/22 23:00:00,A,PC,T,Y18-24,SE21,2014,6.5,b
ESTAT:EDAT_LFSE_16(1.0),27/09/22 23:00:00,A,PC,T,Y18-24,SE21,2015,7.3,
ESTAT:EDAT_LFSE_16(1.0),27/09/22 23:00:00,A,PC,T,Y18-24,SE21,2016,7.4,
ESTAT:EDAT_LFSE_16(1.0),27/09/22 23:00:00,A,PC,T,Y18-24,SE21,2017,8.2,
ESTAT:EDAT_LFSE_16(1.0),27/09/22 23:00:00,A,PC,T,Y18-24,SE21,2018,9.1,b
ESTAT:EDAT_LFSE_16(1.0),27/09/22 23:00:00,A,PC,T,Y18-24,SE21,2019,10.1,u
ESTAT:EDAT_LFSE_16(1.0),27/09/22 23:00:00,A,PC,T,Y18-24,SE21,2020,9.4,u
ESTAT:EDAT_LFSE_16(1.0),27/09/22 23:00:00,A,PC,T,Y18-24,SE22,2000,8.5,
ESTAT:EDAT_LFSE_16(1.0),27/09/22 23:00:00,A,PC,T,Y18-24,SE22,2001,9.2,b
ESTAT:EDAT_LFSE_16(1.0),27/09/22 23:00:00,A,PC,T,Y18-24,SE22,2002,9.7,
ESTAT:EDAT_LFSE_16(1.0),27/09/22 23:00:00,A,PC,T,Y18-24,SE22,2003,8.9,b
ESTAT:EDAT_LFSE_16(1.0),27/09/22 23:00:00,A,PC,T,Y18-24,SE22,2004,8.7,
ESTAT:EDAT_LFSE_16(1.0),27/09/22 23:00:00,A,PC,T,Y18-24,SE22,2005,10.7,b
ESTAT:EDAT_LFSE_16(1.0),27/09/22 23:00:00,A,PC,T,Y18-24,SE22,2006,9.8,b
ESTAT:EDAT_LFSE_16(1.0),27/09/22 23:00:00,A,PC,T,Y18-24,SE22,2007,7.9,b
ESTAT:EDAT_LFSE_16(1.0),27/09/22 23:00:00,A,PC,T,Y18-24,SE22,2008,7.2,b
ESTAT:EDAT_LFSE_16(1.0),27/09/22 23:00:00,A,PC,T,Y18-24,SE22,2009,6.8,
ESTAT:EDAT_LFSE_16(1.0),27/09/22 23:00:00,A,PC,T,Y18-24,SE22,2010,5.7,
ESTAT:EDAT_LFSE_16(1.0),27/09/22 23:00:00,A,PC,T,Y18-24,SE22,2011,6.8,
ESTAT:EDAT_LFSE_16(1.0),27/09/22 23:00:00,A,PC,T,Y18-24,SE22,2012,6.8,
ESTAT:EDAT_LFSE_16(1.0),27/09/22 23:00:00,A,PC,T,Y18-24,SE22,2013,6.1,
ESTAT:EDAT_LFSE_16(1.0),27/09/22 23:00:00,A,PC,T,Y18-24,SE22,2014,6.4,b
ESTAT:EDAT_LFSE_16(1.0),27/09/22 23:00:00,A,PC,T,Y18-24,SE22,2015,6.5,
ESTAT:EDAT_LFSE_16(1.0),27/09/22 23:00:00,A,PC,T,Y18-24,SE22,2016,6.2,
ESTAT:EDAT_LFSE_16(1.0),27/09/22 23:00:00,A,PC,T,Y18-24,SE22,2017,6.9,
ESTAT:EDAT_LFSE_16(1.0),27/09/22 23:00:00,A,PC,T,Y18-24,SE22,2018,6.3,b
ESTAT:EDAT_LFSE_16(1.0),27/09/22 23:00:00,A,PC,T,Y18-24,SE22,2019,5.2,
ESTAT:EDAT_LFSE_16(1.0),27/09/22 23:00:00,A,PC,T,Y18-24,SE22,2020,7.3,
ESTAT:EDAT_LFSE_16(1.0),27/09/22 23:00:00,A,PC,T,Y18-24,SE23,2000,8.8,
ESTAT:EDAT_LFSE_16(1.0),27/09/22 23:00:00,A,PC,T,Y18-24,SE23,2001,8.9,b
ESTAT:EDAT_LFSE_16(1.0),27/09/22 23:00:00,A,PC,T,Y18-24,SE23,2002,10.6,
ESTAT:EDAT_LFSE_16(1.0),27/09/22 23:00:00,A,PC,T,Y18-24,SE23,2003,8.9,b
ESTAT:EDAT_LFSE_16(1.0),27/09/22 23:00:00,A,PC,T,Y18-24,SE23,2004,9.1,
ESTAT:EDAT_LFSE_16(1.0),27/09/22 23:00:00,A,PC,T,Y18-24,SE23,2005,9.8,b
ESTAT:EDAT_LFSE_16(1.0),27/09/22 23:00:00,A,PC,T,Y18-24,SE23,2006,6.6,b
ESTAT:EDAT_LFSE_16(1.0),27/09/22 23:00:00,A,PC,T,Y18-24,SE23,2007,6.7,b
ESTAT:EDAT_LFSE_16(1.0),27/09/22 23:00:00,A,PC,T,Y18-24,SE23,2008,6.5,b
ESTAT:EDAT_LFSE_16(1.0),27/09/22 23:00:00,A,PC,T,Y18-24,SE23,2009,5.8,
ESTAT:EDAT_LFSE_16(1.0),27/09/22 23:00:00,A,PC,T,Y18-24,SE23,2010,5.4,
ESTAT:EDAT_LFSE_16(1.0),27/09/22 23:00:00,A,PC,T,Y18-24,SE23,2011,6.0,
ESTAT:EDAT_LFSE_16(1.0),27/09/22 23:00:00,A,PC,T,Y18-24,SE23,2012,6.9,
ESTAT:EDAT_LFSE_16(1.0),27/09/22 23:00:00,A,PC,T,Y18-24,SE23,2013,6.8,
ESTAT:EDAT_LFSE_16(1.0),27/09/22 23:00:00,A,PC,T,Y18-24,SE23,2014,6.6,b
ESTAT:EDAT_LFSE_16(1.0),27/09/22 23:00:00,A,PC,T,Y18-24,SE23,2015,7.4,
ESTAT:EDAT_LFSE_16(1.0),27/09/22 23:00:00,A,PC,T,Y18-24,SE23,2016,6.3,
ESTAT:EDAT_LFSE_16(1.0),27/09/22 23:00:00,A,PC,T,Y18-24,SE23,2017,8.1,
ESTAT:EDAT_LFSE_16(1.0),27/09/22 23:00:00,A,PC,T,Y18-24,SE23,2018,8.1,b
ESTAT:EDAT_LFSE_16(1.0),27/09/22 23:00:00,A,PC,T,Y18-24,SE23,2019,6.5,
ESTAT:EDAT_LFSE_16(1.0),27/09/22 23:00:00,A,PC,T,Y18-24,SE23,2020,7.5,
ESTAT:EDAT_LFSE_16(1.0),27/09/22 23:00:00,A,PC,T,Y18-24,SE31,2000,,u
ESTAT:EDAT_LFSE_16(1.0),27/09/22 23:00:00,A,PC,T,Y18-24,SE31,2001,8.9,b
ESTAT:EDAT_LFSE_16(1.0),27/09/22 23:00:00,A,PC,T,Y18-24,SE31,2002,8.5,
ESTAT:EDAT_LFSE_16(1.0),27/09/22 23:00:00,A,PC,T,Y18-24,SE31,2003,8.1,b
ESTAT:EDAT_LFSE_16(1.0),27/09/22 23:00:00,A,PC,T,Y18-24,SE31,2004,8.4,
ESTAT:EDAT_LFSE_16(1.0),27/09/22 23:00:00,A,PC,T,Y18-24,SE31,2005,11.5,b
ESTAT:EDAT_LFSE_16(1.0),27/09/22 23:00:00,A,PC,T,Y18-24,SE31,2006,8.6,b
ESTAT:EDAT_LFSE_16(1.0),27/09/22 23:00:00,A,PC,T,Y18-24,SE31,2007,7.1,b
ESTAT:EDAT_LFSE_16(1.0),27/09/22 23:00:00,A,PC,T,Y18-24,SE31,2008,8.4,b
ESTAT:EDAT_LFSE_16(1.0),27/09/22 23:00:00,A,PC,T,Y18-24,SE31,2009,9.6,
ESTAT:EDAT_LFSE_16(1.0),27/09/22 23:00:00,A,PC,T,Y18-24,SE31,2010,7.6,
ESTAT:EDAT_LFSE_16(1.0),27/09/22 23:00:00,A,PC,T,Y18-24,SE31,2011,6.1,
ESTAT:EDAT_LFSE_16(1.0),27/09/22 23:00:00,A,PC,T,Y18-24,SE31,2012,8.8,
ESTAT:EDAT_LFSE_16(1.0),27/09/22 23:00:00,A,PC,T,Y18-24,SE31,2013,8.1,
ESTAT:EDAT_LFSE_16(1.0),27/09/22 23:00:00,A,PC,T,Y18-24,SE31,2014,7.9,b
ESTAT:EDAT_LFSE_16(1.0),27/09/22 23:00:00,A,PC,T,Y18-24,SE31,2015,7.1,
ESTAT:EDAT_LFSE_16(1.0),27/09/22 23:00:00,A,PC,T,Y18-24,SE31,2016,9.9,
ESTAT:EDAT_LFSE_16(1.0),27/09/22 23:00:00,A,PC,T,Y18-24,SE31,2017,9.5,
ESTAT:EDAT_LFSE_16(1.0),27/09/22 23:00:00,A,PC,T,Y18-24,SE31,2018,8.0,b
ESTAT:EDAT_LFSE_16(1.0),27/09/22 23:00:00,A,PC,T,Y18-24,SE31,2019,10.6,u
ESTAT:EDAT_LFSE_16(1.0),27/09/22 23:00:00,A,PC,T,Y18-24,SE31,2020,11.5,
ESTAT:EDAT_LFSE_16(1.0),27/09/22 23:00:00,A,PC,T,Y18-24,SE32,2000,,u
ESTAT:EDAT_LFSE_16(1.0),27/09/22 23:00:00,A,PC,T,Y18-24,SE32,2001,,bu
ESTAT:EDAT_LFSE_16(1.0),27/09/22 23:00:00,A,PC,T,Y18-24,SE32,2002,8.8,u
ESTAT:EDAT_LFSE_16(1.0),27/09/22 23:00:00,A,PC,T,Y18-24,SE32,2003,,bu
ESTAT:EDAT_LFSE_16(1.0),27/09/22 23:00:00,A,PC,T,Y18-24,SE32,2004,,u
ESTAT:EDAT_LFSE_16(1.0),27/09/22 23:00:00,A,PC,T,Y18-24,SE32,2005,,bu
ESTAT:EDAT_LFSE_16(1.0),27/09/22 23:00:00,A,PC,T,Y18-24,SE32,2006,10.4,bu
ESTAT:EDAT_LFSE_16(1.0),27/09/22 23:00:00,A,PC,T,Y18-24,SE32,2007,11.4,bu
ESTAT:EDAT_LFSE_16(1.0),27/09/22 23:00:00,A,PC,T,Y18-24,SE32,2008,,bu
ESTAT:EDAT_LFSE_16(1.0),27/09/22 23:00:00,A,PC,T,Y18-24,SE32,2009,,u
ESTAT:EDAT_LFSE_16(1.0),27/09/22 23:00:00,A,PC,T,Y18-24,SE32,2010,9.2,
ESTAT:EDAT_LFSE_16(1.0),27/09/22 23:00:00,A,PC,T,Y18-24,SE32,2011,7.5,
ESTAT:EDAT_LFSE_16(1.0),27/09/22 23:00:00,A,PC,T,Y18-24,SE32,2012,7.6,
ESTAT:EDAT_LFSE_16(1.0),27/09/22 23:00:00,A,PC,T,Y18-24,SE32,2013,5.0,u
ESTAT:EDAT_LFSE_16(1.0),27/09/22 23:00:00,A,PC,T,Y18-24,SE32,2014,7.2,b
ESTAT:EDAT_LFSE_16(1.0),27/09/22 23:00:00,A,PC,T,Y18-24,SE32,2015,7.2,
ESTAT:EDAT_LFSE_16(1.0),27/09/22 23:00:00,A,PC,T,Y18-24,SE32,2016,7.5,
ESTAT:EDAT_LFSE_16(1.0),27/09/22 23:00:00,A,PC,T,Y18-24,SE32,2017,8.7,
ESTAT:EDAT_LFSE_16(1.0),27/09/22 23:00:00,A,PC,T,Y18-24,SE32,2018,11.8,b
ESTAT:EDAT_LFSE_16(1.0),27/09/22 23:00:00,A,PC,T,Y18-24,SE32,2019,,u
ESTAT:EDAT_LFSE_16(1.0),27/09/22 23:00:00,A,PC,T,Y18-24,SE32,2020,,u
ESTAT:EDAT_LFSE_16(1.0),27/09/22 23:00:00,A,PC,T,Y18-24,SE33,2000,,u
ESTAT:EDAT_LFSE_16(1.0),27/09/22 23:00:00,A,PC,T,Y18-24,SE33,2001,6.8,b
ESTAT:EDAT_LFSE_16(1.0),27/09/22 23:00:00,A,PC,T,Y18-24,SE33,2002,8.7,
ESTAT:EDAT_LFSE_16(1.0),27/09/22 23:00:00,A,PC,T,Y18-24,SE33,2003,7.8,bu
ESTAT:EDAT_LFSE_16(1.0),27/09/22 23:00:00,A,PC,T,Y18-24,SE33,2004,8.1,
ESTAT:EDAT_LFSE_16(1.0),27/09/22 23:00:00,A,PC,T,Y18-24,SE33,2005,8.8,b
ESTAT:EDAT_LFSE_16(1.0),27/09/22 23:00:00,A,PC,T,Y18-24,SE33,2006,5.8,bu
ESTAT:EDAT_LFSE_16(1.0),27/09/22 23:00:00,A,PC,T,Y18-24,SE33,2007,,bu
ESTAT:EDAT_LFSE_16(1.0),27/09/22 23:00:00,A,PC,T,Y18-24,SE33,2008,5.5,bu
ESTAT:EDAT_LFSE_16(1.0),27/09/22 23:00:00,A,PC,T,Y18-24,SE33,2009,5.9,u
ESTAT:EDAT_LFSE_16(1.0),27/09/22 23:00:00,A,PC,T,Y18-24,SE33,2010,5.8,
ESTAT:EDAT_LFSE_16(1.0),27/09/22 23:00:00,A,PC,T,Y18-24,SE33,2011,6.6,
ESTAT:EDAT_LFSE_16(1.0),27/09/22 23:00:00,A,PC,T,Y18-24,SE33,2012,6.9,
ESTAT:EDAT_LFSE_16(1.0),27/09/22 23:00:00,A,PC,T,Y18-24,SE33,2013,6.6,
ESTAT:EDAT_LFSE_16(1.0),27/09/22 23:00:00,A,PC,T,Y18-24,SE33,2014,5.6,b
ESTAT:EDAT_LFSE_16(1.0),27/09/22 23:00:00,A,PC,T,Y18-24,SE33,2015,4.6,
ESTAT:EDAT_LFSE_16(1.0),27/09/22 23:00:00,A,PC,T,Y18-24,SE33,2016,6.8,
ESTAT:EDAT_LFSE_16(1.0),27/09/22 23:00:00,A,PC,T,Y18-24,SE33,2017,4.9,
ESTAT:EDAT_LFSE_16(1.0),27/09/22 23:00:00,A,PC,T,Y18-24,SE33,2018,5.8,bu
ESTAT:EDAT_LFSE_16(1.0),27/09/22 23:00:00,A,PC,T,Y18-24,SE33,2019,,u
ESTAT:EDAT_LFSE_16(1.0),27/09/22 23:00:00,A,PC,T,Y18-24,SE33,2020,,u
